公司代號,公司簡稱,產業排位,2026實力指標,族群細分類 - 規格與應用導向,關鍵技術 / 產能指標 / 報價變量
1240,茂生農經,,,畜牧農產 / 飼料加工 / 蛋品,禽流感防疫規格、自動化養殖效率、黃豆玉米期貨報價
1259,安心,,,連鎖餐飲 / 摩斯漢堡 / 食品安全,門市 O2O 數位化、食材溯源系統、物料成本管理 (COGS)
1264,德麥,台灣烘焙原材料代銷龍頭,台灣最大烘焙原料供應商，市佔率超過 90% 之專業排位。,烘焙原料 / 食品代理 / 專業技服,全台烘焙通路市佔、高端乳製品代理、亞洲區分銷效能
1268,漢來美食,,,百貨餐飲 / 飯店餐飲 / 品牌授權,翻桌率、漢來海港與新品牌客單價、展店入帳週期
1294,漢田生技,,,生技機能 / 萃取與發酵 / 代工,超音波冷萃技術、功能性飲品產能、機能原料開發
1295,生合,,,益生菌研發 / 農業與醫療 / 菌種,SYNTEK 菌種封裝技術、人體/動物/青貯用菌株規格
1336,台翰,,,模具與射出 / 印表機機構 / 車用,二次加工技術、東南亞 (菲/越) 產能規模、機構件精度
1565,精華,全球隱形眼鏡 ODM 前三,台灣最早量產隱形眼鏡之龍頭，高階透氧材質規格領先。,隱形眼鏡 (ODM) / 拋棄式 / 矽水膠,矽水膠高透氧技術、自動化鑄模良率、日美歐客戶佔比
1569,濱川,,,金屬機構件 / NB 機殼 / 散熱,沖壓技術、超薄筆電機殼規格、鋁鎂合金加工良率
1570,力肯,,,氣動釘槍 / 專業手工具 / DIY,氣動與電動釘槍研發、北美修繕市場需求、能源轉換效率
1580,新麥,亞洲最大烘焙機械龍頭 / 全球前三,全球最大連鎖超市（如 Walmart）烘焙設備核心供應商。,烘焙設備 / 商用機械 / 自動化,全球烘焙設備市佔、自動化麵團控制系統、中國市場復甦
1584,精剛,台灣鈦合金與鎳基合金加工龍頭,榮剛體系，為台灣少數供應航太、國防級特殊合金之排位。,特種合金 / 鈦合金 / 航太與國防,真空感應熔煉 (VIM)、航太發動機材料、生醫植入物規格
1586,和勤,,,精密沖壓 / 硬碟與車用 / 鏈條,精密細孔沖壓 (Fine Blanking)、硬碟零件市佔、新能源車件
1591,駿吉-KY,,,工業釘 / 氣動釘 / 建材耗材,鋼釘鍍鋅規格、美國房市需求連動、東協產能調度
1593,祺驊,,,運動器材 / 發電機 / 磁控器,自行車與跑步機磁控系統、電子發電機技術、全球代工佔比
1595,川寶,,,PCB 設備 / 曝光機 / 自動化檢測,LDI 雷射直接成像技術、半導體封裝曝光機、高精度規格
1599,宏佳騰,,,機車製造 / 電動機車 / CROXERA,智慧儀表系統、PBGN 聯盟產能、海外沙灘車 (ATV) 外銷
1742,台蠟,,,特用化學 / 精緻蠟 / 綠能,工業用蠟精煉度、太陽能電廠投資、儲能材料開發
1777,生泰,,,原料藥 (API) / 肌肉鬆弛劑 / 抗腫瘤,生達集團、符合 cGMP/FDA 規範、特殊溶劑回收技術
1781,合世,,,醫材研發 / 霧化器 / 血壓計,噴霧治療技術、智慧健康數據同步、ODM 客戶拉貨動能
1784,訊聯,,,再生醫學 / 幹細胞 / 基因檢測,特管法案場量、間質幹細胞技術、外泌體 (Exosome) 應用
1785,光洋科,全球硬碟薄膜靶材龍頭,全球市佔第一，並為台積電提供半導體靶材回收之排位龍頭。,貴金屬回收 / 半導體靶材 / 硬碟,先進製程靶材 (Sputter Target)、貴金屬回收純度、雲端硬碟
1788,杏昌,,,醫療代理 / 洗腎耗材 / 牙科,洗腎機市佔率、自營洗腎中心服務、高階牙科醫材代理
1796,金穎生技,,,微生物發酵 / 代工 (CDMO) / 食補,大型發酵槽規模、特殊菌株發酵技術、保健食品原料
1799,易威,,,新藥開發 / 經皮吸收 / 505(b)(2),TLX-001 原型技術、藥物動力學規格、美國市場授權進度
1813,寶利徠,,,鏡片加工 / 漸進多焦點 / PC 鏡片,聚碳酸酯 (PC) 鏡片、抗撞擊規格、全球專利授權收益
1815,富喬,全球高階玻纖紗布領導廠,NE布 (超低損耗) / Q布。台灣唯一能量產 Low Dk 紗的廠商，供應台光電等大廠。,玻纖布 / 電子級與工業級 / 載板,低介電 (Low-Dk) 玻纖布、AI 伺服器 PCB 材料、產能利用率
2035,唐榮公司,台灣不鏽鋼長材龍頭級,具備官股背景，為台灣歷史最悠久之不鏽鋼冶煉大廠。,不銹鋼製造 / 300系冷軋 / 公用事業,不銹鋼盤價 (LME 鎳價)、高產品質感、國營背景資產價值
2061,風青,,,漆包線 / 電機馬達 / 電感組件,超細漆包線規格、耐熱等級、銅價波動轉嫁能力
2063,世鎧精密,全球不鏽鋼複合螺絲龍頭,全球市佔第一，掌握高難度複合金屬焊接技術排位。,複合螺栓 / 鑽頭 / 建築緊固件,不銹鋼與碳鋼複合焊接、建築結構安全、外銷歐美認證
2064,晉椿,,,磨光鋼棒 / 線材加工 / 軸心,高精密研磨、自動化設備用軸心材料、東南亞通路佈局
2065,世豐,,,鑽尾螺絲 / 木螺絲 / 居家修繕,塗頭與電鍍規格、北美修繕大廠供應鏈、自動化包裝效率
2066,世德,全球頂級車用扣件領導廠,特斯拉 (Tesla) 與通用汽車核心零件供應商，高階車用螺栓排位。,扣件製造 / 車用與航太 / 特殊件,Tesla 供應鏈、冷鍛技術、多角化全球在地生產 (如德國)
2067,嘉鋼,,,鑄鐵件 / 液壓零件 / 機械機構,精密鑄造技術、大型農機與怪手組件、模具研發能力
2070,精湛,全球扣件影像篩選機龍頭,全球市佔第一，定義全球螺絲螺帽自動化全檢規格。,光學篩選機 / 螺絲篩選 / AOI,AI 影像辨識精度、每分鐘篩選速度 (PPM)、扣件全檢標準
2073,雄順,,,金屬線材加工 / 伸線 / 酸洗,全台最大線材酸洗產能、廢酸回收規格、環保排放指標
2221,大甲,,,不銹鋼潔淨管 / 焊接管件 / 半導體,高潔淨度 (EP) 管材、半導體廠務氣體輸送、台積電體系
2230,泰茂,,,活塞環 / 儲能系統 / 品牌行銷,引擎零件 AM 市場、儲能系統 (BESS) 轉型進度、中國銷售
2235,謚源,,,風扇馬達 / 散熱總成 / 車用 AM,汽車冷卻系統、雨刷馬達、北美與歐洲維修市場需求
2596,綠意,,,營建開發 / 工業廠辦 / 住宅,雙北廠辦案量、完工入帳進度、土地開發收益
2640,大車隊,台灣計程車服務與派遣平台龍頭,台灣最大派遣平台，掌握交通移動大數據與支付排位。,數位服務 / 55688 / 廣告生活,App 月活躍用戶 (MAU)、乘車金生態圈、生活資訊整合
2641,正德,,,散裝航運 / 輕便型船 / 節能船,期租合約佔比、BDI 指數連動、新式環保船隊比例
2643,捷迅,,,貨運承攬 / 空運與海運 / 電商物流,跨國報關效率、高單價電子產品承攬、第三方物流 (3PL)
2718,全心投控,,,觀光轉轉型 / 一般投資 / 營建,(原名富野)、集團資產配置、營建案入帳、投資收益認列
2719,燦星旅,,,旅遊服務 / 包機運作 / 數位平台,獨家包機路線 (如高知/泰國)、OTA 轉化率、團體旅遊毛利
2724,藝舍-KY,,,品牌家具 / 空間整合 / 地產行銷,精品家具租賃、地產代銷整合、跨國品牌經營
2726,雅茗-KY,,,餐飲連鎖 / 快樂檸檬 / 品牌授權,海外加盟店數、品牌轉型效率、中國市場佔比調整
2729,瓦城,台灣東方餐飲集團龍頭,台灣連鎖泰式料理市佔第一，跨品牌經營與規模排位領先。,連鎖餐飲 / 泰式料理 / 全球廚房,品牌研發中心、展店速度、數位訂位與外送滲透率
2732,六角,,,連鎖餐飲 / 日出茶太 / 品牌管理,全球珍奶連鎖布局、澳洲與歐洲擴張、子公司王座貢獻
2734,易飛網,,,旅遊電商 / 機票分銷 / 離島旅遊,廉航機票代理、馬祖/金門旅遊深度開發、數位廣告營收
2736,富野,,,飯店經營 / 連鎖旅館 / 觀光,(註：與全心投控區分，依最新掛牌名為主)、住房率、平均房價
2740,華軒,,,房產開發 / 物業管理 / 轉型,(原名天蔥)、地產項目推動、品牌轉型認列、資產處分
2743,山富,,,旅遊服務 / 郵輪業務 / 數位平台,郵輪包船市佔、日本旅遊線毛利、自動化訂位系統優化
2745,五福,,,旅遊服務 / 團體旅遊 / 數位轉型,「雙十計畫」(2026 營收百億)、B2E 企業客戶比、團費利潤率
2751,王座,,,連鎖餐飲 / 代理品牌 / 銀座杏子豬排,六角集團旗下、海外品牌代理授權數、展店經濟規模
2752,豆府,台灣韓式餐飲連鎖龍頭,台灣最大韓式連鎖餐飲集團，排位全台第一。,連鎖餐飲 / 韓式料理 / 涓豆腐,多品牌策略 (九大品牌)、翻桌率、商場進駐店佔比
2754,亞洲藏壽司,台灣迴轉壽司龍頭級,日商背景，為台灣最具指標性與店效最高之迴轉壽司鏈。,連鎖餐飲 / 迴轉壽司 / 自動化系統,鮮度君 (專利保護)、展店速度 (目標 50+ 門市)、日系供應鏈
2755,揚秦,,,連鎖餐飲 / 早午餐 / 麥味登,加盟店數規模、APP 會員營收佔比、炸雞大獅海外擴展
2756,聯發國際,,,手搖飲品 / Sharetea (歇腳亭) / 外銷,全球授權金收入、北美與歐洲市場滲透、品牌升級策略
2916,滿心,,,服飾代理 / 高端精品 / 運動休閒,國際品牌代銷數量、百貨專櫃坪效、存貨週轉率
2924,宏太-KY,,,童裝品牌 / 嬰童產品 / 中國市場,線上電商佔比、品牌毛利、中國內需消費復甦指標
2926,誠品生活,亞洲文化觀光與文創通路龍頭,台灣唯一具備跨國經營能力的文化百貨標竿排位。,文創零售 / 觀光與書店 / 商場開發,誠品行旅稼動率、誠品線上 (Omni-channel) 綜效、展店規模
2937,集雅社,,,家電通路 / 高端音響 / 數位整合,智慧家電系統整合、百貨專櫃市佔、大尺寸電視銷售比
2941,米斯特,,,流行服飾 / 品牌連鎖 / Life8,SPA (製造商零售) 模式、數位行銷轉化、快時尚供應鏈速度
2947,振宇五金,,,五金零售 / 專業五金 / DIY,全台店數、物流配貨效率、專業修繕工具佔比
2948,寶陞,美國加州超耐磨地板銷售龍頭,台灣品牌在美西地區地板零售與通路排位極前。,建材通路 / 地板材料 / 北美市場,美國各州營運中心、SPC/木地板規格、海運物流成本控制
2949,欣新網,,,電商代營運 / 數位行銷 / 系統整合,代營運品牌數、倉儲物流一站式服務、大數據分析導購
3064,泰偉,,,博弈產業 / 遊戲開發 / 系統服務,義大利博弈機台規格、連線系統穩定度、全球博弈特許權
3066,李洲,,,LED 封裝 / 光電組件 / 照明,SMD LED 規格、紅外線 (IR) 傳感器、工控顯示應用
3067,全域,,,多媒體影音 / 控制系統 / 廣播,影音矩陣切換技術、智慧會議系統、控制軟硬體整合
3071,協禧,,,散熱風扇 / 車用與伺服器 / 散熱模組,高速風扇軸承技術、工業級散熱、電動車熱管理
3073,天方能源,,,綠能開發 / 太陽能 / 風力發電,案場建置容量 (MW)、電力出售收益、儲能系統整合
3078,僑威,全球電競 PC 電源供應器龍頭級,專注中高瓦數電源，在電競電源代工領域排位全球領先。,電源供應器 / 電競 PC / 醫療電源,ATX 3.1 高階電源規格、鈦金級電源效率、外殼設計服務
3081,聯亞,亞洲光通訊雷射磊晶龍頭,全球矽光子 LD (雷射二極體) 關鍵供應商。,光通訊 / 矽光子 / 雷射磊晶,2.5D/3D 矽光子材料、CPO 技術路徑、800G/1.6T 雷射規格
3083,網龍,,,遊戲開發 / 手遊 / 經典 IP,智冠集團、經典 IP 手遊化 (如黃易、尋秦記)、海外授權金
3085,新零售,,,電商平台 / 數位轉型 / 台鋼集團,台鋼集團資源整合、品牌代營運、物流與金流系統優化
3086,華義,,,遊戲代銷 / 電競 / 數位內容,代理遊戲版權、電競賽事運營、元宇宙虛擬資產整合
3088,艾訊,,,工業電腦 (IPC) / 邊緣運算 / 嵌入式,強固型電腦規格、智慧醫療與零售解決方案、研華集團相關
3093,港建*,,,設備代理 / PCB 設備 / 半導體檢測,面額 1 元、先進封裝檢測機台、光學檢測系統維護
3095,及成,,,精密機構 / 鋁鎂合金 / 手機外殼,沖壓與成型技術、筆電與手機機構件、生產良率控制
3105,穩懋,全球砷化鎵 (GaAs) 晶圓代工龍頭,全球市佔超過 70%，掌握 5G 與衛星通訊射頻核心排位。,砷化鎵 (GaAs) / 5G PA / 衛星通訊,6 吋產能利用率、Wi-Fi 7/8 滲透率、LiDAR 感測規格
3114,好德,,,電子代理 / 設備零件 / 綠能,日本設備零件代理、半導體耗材、儲能相關組件
3115,富榮綱,,,精密鋼模 / 塑膠射出 / 汽車零件,(原名名剛)、精密模具開發、車用結構件規格
3118,進階,,,生技代理 / 實驗室服務 / 臨床代工,實驗動物供應、生技研發耗材、GLP 規範實驗室規模
3122,笙泉,,,IC 設計 / 微控制器 (MCU) / 8051,工控級 MCU 規格、超低功耗技術、智慧家電應用
3128,昇銳,,,安控設備 / 影像監控 / 車載顯示,AI 影像分析 (IVA)、車隊管理系統、NDAA 合規市佔
3131,弘塑,台灣半導體濕製程設備龍頭,CoWoS 先進封裝設備核心供應商，台積電供應鏈排位極前。,半導體設備 / 濕製程 / 先進封裝,CoWoS 單晶圓清洗機、自動化顯影/蝕刻設備、台積電體系
3141,晶宏,全球電子書驅動 IC 領先者,全球電子紙 (E-Ink) 驅動 IC 核心供應商，市佔率全球前二。,IC 設計 / 驅動 IC / 電子紙 (EPD),彩色電子紙驅動規格、ESL 標籤市佔、超低功耗驅動
3147,大綜,,,系統整合 (SI) / 雲端計算 / 碳管理,企業數位轉型方案、半導體廠資訊維護、碳盤查軟體整合
3152,璟德,全球低溫共燒陶瓷 (LTCC) 前三,台灣最大高頻整合元件廠，手機與基站無線規格領先。,低溫共燒陶瓷 (LTCC) / 高頻元件,5G/6G 濾波器規格、Wi-Fi 前端模組 (FEM) 產能
3158,嘉實,,,資訊服務 / 金融終端 / MoneyDJ,數位金融資訊平台、AI 理財機器人、B2B 金融數據授權
3162,精確,,,汽車零組件 / 鋁合金壓鑄 / 輕量化,電動車電池盒 (Battery Box)、敏實集團體系、歐系車廠供貨
3163,波若威,台灣光纖被動元件龍頭,全球 WDM (波長分用器) 核心供應商，資料中心 800G 升級受惠者。,光通訊 / 分路器 / 濾波器,CPO 光學引擎組件、800G 光通訊規格、北美電信需求
3169,亞信,,,IC 設計 / 工業乙太網路 / IoT,EtherCAT 運動控制技術、嵌入式網路晶片、聯發科體系
3171,炎洲流通,,,包裝材料 / 膠帶 / 物流銷售,封箱膠帶規格、電子級工業膠帶、連鎖通路經營效率
3176,基亞,,,新藥開發 / 細胞治療 / 檢測,癌症疫苗研發、PI-88 臨床進度、細胞治療授權金
3178,公準,全球精密真空傳動零件領導廠,為艾司摩爾 (ASML) 與應材 (AMAT) 提供關鍵腔體零件排位。,精密加工 / 航太與半導體 / 真空室,EUV 微影設備零件、航太致動器規格、產能自動化精度
3188,鑫龍騰,,,營建開發 / 高雄住宅 / 土地開發,高雄蛋黃區推案、完工入帳進度、營造毛利管理
3191,雲嘉南,,,環境工程 / 水處理 / 資源回收,污水處理統包、公共工程標案、水資產維運 (O&M)
3205,佰研,,,保健食品 / 有機通路 / 研發代工,無毒之家人員、益生菌與機能性開發、中國通路擴展
3206,志豐,,,聲學元件 / 蜂鳴器 / 喇叭,車用警示聲規格、防水喇叭技術、智慧音箱組件
3207,耀勝,,,變壓器 / 電感 / 儲能電源,伺服器電源變壓器、新能源車磁性元件、產線自動化
3211,順達,全球筆電電池組前三,與新普並列，在高階商務筆電與電動自行車電池模組排位領先。,電池模組 / 筆電電池 / BBU,AI 伺服器備援電池 (BBU)、非 IT 應用比重、資產開發
3213,茂訊,,,強固型電腦 / 筆電銷售 / 通路,軍規強固電腦 (Rugged)、全台連鎖通路營收、海外標案
3217,優群,全球記憶體插槽 (DDR5) 龍頭級,全球市佔第一，掌握筆電 SO-DIMM 與伺服器 Long-DIMM 專利排位。,連接器 / DDR5 / SO-DIMM,CAMM2 連接器規格、LPDDR 傳輸技術、伺服器連接器
3218,大學光,台灣眼科連鎖與視力矯正龍頭,台灣最大連鎖眼科體系，在近視雷射與白內障手術市佔第一。,連鎖眼科 / 雷射手術 / 隱形眼鏡,屈光手術量、近視控制鏡片 (兒童)、眼科門診擴張速度
3219,倚強科,,,測試介面 / 轉接板 (Probe Card) / 探針,高頻測試治具、半導體測試載板、IC 老化測試技術
3221,台嘉碩,,,頻率元件 / 石英晶體 / SAW 濾波器,車用頻率元件規格、5G/6G 濾波器、村田 (Murata) 合作關係
3224,三顧,,,再生醫學 / 細胞治療 / 代理電子件,膝關節軟骨細胞修復、特管法合規、子公司樂迦生醫
3226,龍鋒,,,汽車車燈 / AM 維修件 / LED 燈具,專利車燈設計、北美維修市場滲透、LED 頭燈模組規格
3227,原相,全球 CMOS 影像感測器 (動態) 龍頭,全球最大遊戲機感測 IC 供應商，掌握光學滑鼠與 TWS 感測關鍵排位。,IC 設計 / CMOS 感測 / 穿戴感測,電競滑鼠感測器規格、TWS 心理測量 IC、遊戲機 SoC
3228,金麗科,,,IC 設計 / x86 CPU / 高效能運算,工業級 x86 核心技術、國產化 CPU 替代需求、邊緣運算應用
3230,錦明,,,精密機構 / 液晶背板 / 鎂合金壓鑄,電子產品支架、鎂鋁合金輕量化技術、車載顯示機構件
3232,昱捷,,,電子代理 / 散熱材料 / 半導體設備,日系半導體材料代理、散熱陶瓷基板、先進封裝設備配套
3234,光環,,,光通訊 / 雷射二極體 / 接收組件,2.5G/10G PON 規格、5G 基地台光收發、VCSEL 技術應用
3236,千如,,,被動元件 / 電感 / 陶瓷散熱,精密電感規格、耐高溫車用零件、物聯網濾波組件
3252,海灣,,,觀光與開發 / 一般旅館 / 房地產,台中大坑開發案、主題飯店稼動率、資產重估價值
3259,鑫創,,,IC 設計 / MEMS 麥克風 / 控制 IC,AI 語音識別感測器、USB 音訊控制、矽晶微機電封裝
3260,威剛,全球第二大記憶體模組廠,僅次於 Kingston，在自有品牌 (ADATA) 與電競記憶體全球排位極高。,記憶體模組 / DRAM / SSD / 電競,DDR5/PCIe Gen6 規格、XPG 品牌溢價、記憶體合約價連動
3264,欣銓,全球車用與通訊 IC 測試領導廠,TI、NXP 等國際大廠核心測試夥伴，車規晶片測試排位亞洲前二。,半導體測試 / 邏輯與類比 / 車用 IC,車用電子測試佔比、晶圓測試 (CP) 產能、德儀/恩智浦體系
3265,台星科,,,半導體封測 / 晶圓凸塊 / 系統封裝,先進測試技術、高效能運算 (HPC) 封測、星科金朋體系
3268,海德威,,,IC 通路 / 影像處理 / 系統整合,凌陽體系代理、影像編解碼方案、智慧家居控制模組
3272,東碩,,,電腦週邊 / 擴充基座 (Docking) / PD,Thunderbolt 5 規格、高階 PD 快速充電、筆電生態圈整合
3276,宇環,,,PCB 製造 / 多層板 / 硬板,志超集團、筆電與面板用板、自動化壓合良率
3284,太普高,,,精密影像 / 印刷板材 / CTP,印刷感光材料、預塗式平版規格、環保顯影劑研發
3285,微端,,,電子組件 / 顯示模組 / 醫療與音訊,專業數位音訊處裡器、工業用 LCD 模組、醫療設備介面
3287,廣寰科,,,電腦週邊 / 電競耳機 / 數位音訊,Kworld 品牌、電競周邊代工、手遊音效優化規格
3288,點晶,,,IC 設計 / 馬達驅動 / 類比晶片,風扇馬達驅動技術、節能變頻控制、AI 伺服器散熱控制
3289,宜特,亞洲半導體驗證分析龍頭,全球市佔極高，為 AI 晶片進入量產前「可靠度驗證」的排位霸主。,驗證分析 / 故障分析 / 可靠度,2nm/1nm 先進製程驗證、AI 晶片封裝分析、太空規格驗證
3290,東浦,,,精密模具 / 塑膠射出 / 車用機構,汽車內外裝飾件、超音波焊接技術、美系電動車供應鏈
3293,鈊象,全球博弈遊戲與商用機台龍頭,台灣最強遊戲獲利王，在東南亞與美國線上博弈授權排位亞洲第一。,數位內容 / 博弈遊戲 / 手遊,全球博弈授權金、AI 運算調整賠率技術、海外平台市佔
3294,英濟,,,精密模具 / AR/VR 組件 / 機構件,雷射光機模組技術、生醫導管開發、高端耳機外殼
3297,杭特,,,安控設備 / 網路攝影機 / NVR,AI 偵測攝影機、雲端影像管理 (VSaaS)、NDAA 合規規格
3303,岱稜,全球燙金箔 (Hot Stamping) 前三,亞洲第一，高階冷燙箔技術在包裝材料領域具備全球影響力。,真空蒸鍍 / 燙金箔 / 光電材料,冷燙技術專利、真空鍍膜規格、全球裝飾材料通路
3306,鼎天,,,衛星定位 (GPS) / 車載電子 / 廣達集團,雙頻多模定位技術、車聯網主機板規格、重機數位儀表
3310,佳穎,,,精密沖壓 / 汽車連接器 / 房產開發,高壓高電流端子規格、車用線束組件、建案完工認證
3313,斐成,,,被動元件代理 / 土地開發 / 肉品貿易,集團策略轉型、建案推案進度、代理組件毛利管理
3317,尼克森,,,IC 設計 / 功率半導體 / MOSFET,高壓溝槽式 MOSFET、伺服器電源管理、車用功率驗證
3322,建舜電,,,連接器與線束 / 高速傳輸 / 天線,USB 4.0 / Wi-Fi 7 傳輸線、高頻天線規格、生產自動化
3323,加百裕,,,電池模組 / 筆電電池 / 儲能系統,AI 伺服器備援電池 (BBU)、電動工具電池、能源管理技術
3324,雙鴻,全球 AI 伺服器液冷散熱龍頭,全球市佔第一梯隊，掌握水冷板與冷卻分配裝置 (CDU) 核心規格。,散熱模組 / 液冷系統 / 冷板 (Cold Plate),CDU 散熱效率規格、液冷板熱阻系數、NVIDIA 推薦供應鏈
3325,旭品,,,電腦機殼 / 水冷排 / 飲水設備,電競水冷散熱模組、水冷散熱器產能、環境水處理設備
3332,幸康,,,電源供應器 / 工控與醫療 / DC-DC,高可靠度電源模組、醫療設備安全規範、軌道交通電源
3339,泰谷,,,LED 磊晶 / 覆晶技術 / 植物照明,車用 LED 亮度規格、Mini LED 封裝應用、雷射二極體研發
3349,寶德,,,滑鼠與鍵盤 (ODM) / 電競 / 遊戲周邊,客製化機械軸技術、無線低延遲協定、電競品牌供應鏈
3354,律勝,,,軟性銅箔基板 (FCCL) / 聚醯亞胺 (PI),高頻 LCP 材料研發、超薄基板規格、折疊機應用材料
3357,臺慶科,全球電感元件領導廠 / 台灣前二,在一體成型電感 (Molding Choke) 產能與技術排位領先。,被動元件 / 電感 / 網路變壓器,車用一體成型電感、共模濾波器規格、AI 伺服器磁性件
3360,尚立,,,電子代理 / 影像感測器 / Sony 代理,Sony CIS 感測器規格、車載與安控監控方案、代理庫存率
3362,先進光,全球筆電鏡頭龍頭,全球市佔第一，並成功跨入車用鏡頭與 Apple 供應鏈排位。,光學鏡頭 / 塑膠鏡頭 / 指紋辨識,筆電鏡頭市佔、車載鏡頭玻璃模造、指紋辨識模組規格
3363,上詮,全球矽光子 CPO 封裝核心元件領導者,台積電「矽光子聯盟」核心成員，掌握保偏光纖與 CPO 連接規格。,光通訊 / 光纖連接器 / 矽光子 CPO,CPO 共同封裝光學元件、先進光纖耦合技術、台積電體系
3372,典範,,,IC 封測 / 記憶體封裝 / 系統級封裝,微型儲存卡封裝、晶圓級測試、消費性電子 IC 封測
3373,熱映,,,醫療器材 / 紅外線測溫 / 穿戴裝置,精準測溫感測器、居家醫療設備、血氧感測技術規格
3374,精材,全球 3D 堆疊封裝與感測器封裝領先者,台積電子公司，在晶圓級封裝 (WLCSP) 與車用 CIS 封裝排位極高。,半導體封裝 / 晶圓級封裝 (WLCSP),CIS 感測器封裝技術、車用與生醫檢測、台積電策略聯盟
3379,彬台,,,自動化設備 / 食品飲料包裝 / 整廠,食品生產線自動化、智慧包裝系統、乳製品生產設備
3388,崇越電,,,特用材料 / 矽利光 (Silicone) / 代理,高規格散熱矽膠、電動車密封材料、信越化學代理體系
3390,旭軟,,,軟性電路板 (FPC) / 車用與觸控 / 鉅祥,車載顯示連接線、穿戴式裝置排線、細線化製程技術
3402,漢科,台灣半導體特氣供應系統龍頭,為台積電及美光提供高純度化學品/氣體供應系統，建廠排位領先。,半導體廠務 / 氣體系統 / 統包工程,高潔淨度氣體輸送技術、自動化監控系統、先進製程擴廠
3426,台興,,,電磁閥 / 繼電器 / 工業控制,電磁鐵與變壓器、智慧電網開關規格、工業機器人組件
3430,奇鈦科,,,特用化學 / 抗氧化劑 / 光穩定劑,高階塑膠添加劑、航太與醫療級塗料、環保化學品規格
3434,哲固,,,影音監控 / 工業顯示器 / NVR,長距離影音傳輸、軍規顯示螢幕規格、智慧安控整合
3438,類比科,,,IC 設計 / 電源管理 (PMIC) / 面板,T-CON 電源管理、高效率 DC-DC 轉換、致新集團資源
3441,聯一光電,,,光學玻璃 / 玻璃毛胚 / 精密壓褶,模造玻璃規格、車用鏡頭毛胚、高折射率光學材料
3444,利機,,,半導體通路 / 封裝材料 / 銀膠,均熱片 (Heat Sink)、封裝用毛細管、散熱封裝材料
3455,由田,全球 AOI 自動光學檢測領導廠,在 PCB 與載板檢測設備市佔領先，跨足先進封裝 RDL 檢測。,自動光學檢測 (AOI) / 載板 / 先進封裝,ABF 載板檢測精度、晶圓級封裝 AOI、顯示面板檢測
3465,進泰電子,,,音響製造 / 木質音箱 / 數位家庭,電競音響規格、專業揚聲器模組、海外生產基地效率
3466,德晉,,,衛星通訊 / 機上盒 (STB) / 雲端系統,數位廣播系統、OTT 整合設備、低軌衛星地面接收組件
3467,台灣精材,,,半導體耗材 / 陶瓷與石英 / 廠務維修,中鋼集團體系、精密陶瓷組件、半導體機台維護耗材
3479,安勤,,,工業電腦 (IPC) / 智慧醫療 / 零售,強固型平板規格、醫療影像處理、嵌入式系統設計
3483,力致,,,散熱模組 / 風扇 / 液冷散熱,超薄熱管技術、筆電散熱市佔、伺服器水冷板 (Cold Plate)
3484,崧騰,,,開關組件 / 電動工具 / 車用變頻,高階開關規格、電動工具控制器、新能源車電源模組
3489,森寶,,,營建開發 / 住宅推案 / 土地開發,完工入帳比例、雙北與桃園推案、營造品質管理
3490,單井,,,精密模具 / 自動化設備 / LED 封裝,半導體封裝模具、自動化組裝線、切割與塗佈技術
3491,昇達科,全球低軌衛星微波元件龍頭,全球市佔第一，SpaceX 與 OneWeb 核心供應商，排位無人能及。,低軌衛星 (LEO) / 微波元件 / 濾波器,E-band/V-band 高頻技術、地面站與衛星端天線規格
3492,長盛,,,連接器與線束 / 車用影音 / 醫療,汽車通訊介面規格、高頻傳輸線材、精密醫療注塑
3498,陽程,,,自動化設備 / PCB 設備 / 倉儲系統,智慧化搬運系統 (AMR)、面板與 PCB 生產線自動化
3499,環天科,,,衛星定位 (GPS) / 穿戴裝置 / IoT,運動手錶定位精度、物聯網追蹤模組、低功耗藍牙整合
3508,位速,,,表面處理 / 塑膠射出 / 手機殼,真空電鍍規格、NCVM 技術、消費性電子外殼加工
3511,矽瑪,,,連接器 / 穿戴裝置 / 車用連接,穿戴式感測連接、精密機構設計、佳世達集團體系
3512,皇龍,,,營建開發 / 住宅與商業 / 台南建商,台南蛋黃區推案、建案獲利率、土地儲備量
3516,亞帝歐,,,LED 照明 / 導光板 / 光電組件,高效率導光板、智慧照明控制、商業與工規顯示背光
3520,華盈,,,連接器與線束 / 電源線 / 通訊,消費性電子電源線、訊號傳輸規格、自動化裁線產能
3521,台鋼建設,,,營建工程 / 廠辦建設 / 台鋼集團,(原名鴻邦)、集團內廠辦整合、公共工程統包
3522,御嵿,,,連鎖餐飲 / 婚宴會館 / 品牌經營,(原名御頂)、頂鮮品牌轉型、餐飲數位化營運
3523,迎輝,,,光學膜 / 增亮膜 / 聚光片,量子點膜 (QD Film) 規格、大尺寸背光材料、精密塗佈
3526,凡甲,全球伺服器高壓連接器前三,專注 AI 伺服器與電動車電池 BMS 連接器，獲利能力排位極高。,連接器 / 伺服器連接 / 電動車,高功率電源連接器、伺服器高速連接、寧德時代供應鏈
3527,聚積,全球 LED 顯示驅動 IC 龍頭,全球市佔第一，掌握高階小間距與 Mini LED 驅動規格權。,IC 設計 / LED 驅動 / Mini LED,微間距驅動技術 (Micro LED)、車載顯示驅動規格
3529,力旺,全球非揮發性記憶體 IP 龍頭,全球市佔第一，其 eNVM 技術為半導體底層核心 IP。,矽智財 (IP) / 非揮發性記憶體 / 安全,NeoFuse / NeoPUF 技術、先進製程 (2nm) 授權金
3531,先益,,,背光模組 / LED 封裝 / 顯示組件,車載儀表背光規格、中小型面板背光、LED 亮度一致性
3537,堡達,,,電子通路 / 電解電容 / Panasonic 代理,固態電容與 CO2 熱泵、伺服器電源用電容、松下體系
3540,曜越,,,電競周邊 / 散熱器 / 電源供應器,ATX 3.1 規格電源、高階水冷機殼、電競桌椅與配件
3541,西柏,,,影音處理 / 4K/8K 分配器 / 醫療影像,SDVoE 傳輸技術、AV over IP 規格、手術室影像系統
3546,宇峻,,,遊戲開發 / 手遊 / 經典 IP,《三國群英傳》IP 營運、海外版權金、AI 生成內容開發
3548,兆利,全球折疊裝置軸承前三,華為折疊機主要供應商，與新日興並列軸承技術最高排位。,軸承 (Hinge) / 折疊手機 / 筆電,折疊機水滴型軸承技術、華為供應鏈、精密粉末冶金 (MIM)
3551,世禾,台灣半導體清洗設備與服務龍頭,半導體與面板設備零件清洗市佔全台第一。,設備潔淨 / 零件再生 / 半導體維修,先進製程零件潔淨技術、應材 (AMAT) 與台積電體系
3552,同致,全球汽車倒車雷達與感測器前三,亞洲最大汽車倒車雷達供應商，ADAS 系統感測排位領先。,車載電子 / 影像感測 / 自動停車,ADAS 影像演算法、超音波雷達規格、特斯拉供應鏈
3555,博士旺,,,半導體貿易 / 生技 / 威剛集團,(原名擎泰)、記憶體貿易、軟體開發與生技產品整合
3556,禾瑞亞,,,IC 設計 / 觸控控制 / 工控介面,投射式電容觸控技術、耐高低溫觸控規格、醫療設備介面
3558,神準,,,網通設備 / WiFi-7 / 無線傳輸,AI 邊緣網關規格、企業級 AP、工業級交換機與伺服器
3564,其陽,,,工業電腦 (IPC) / 網路安全 / 友訊集團,網路流量監控設備、邊緣運算伺服器、D-Link 集團整合
3567,逸昌,,,IC 測試 / 類比 IC 測試 / 驅動 IC,高電壓類比測試、功率元件測試、產能自動化調度效率
3570,大塚,,,資訊軟體 / 3D 設計 / 系統整合,Autodesk 代理、數位孿生方案、企業 PLM 系統建置
3577,泓格,,,工業通訊 / 遠端 I/O / 智慧工廠,EtherCAT 控制技術、能源管理監控、工業物聯網感測
3580,友威科,,,真空濺鍍 (Sputter) / 半導體封裝,FOPLP (扇出型面板級封裝) 設備、電磁波屏蔽 (EMI)
3581,博磊,,,封測設備 / 植球機 / 介面電路板,載板測試治具、自動化植球技術、半導體耗材銷售
3587,閎康,亞洲半導體獨立分析檢測龍頭,亞洲第一。在 2nm 以下先進製程研發分析 (FA/MA/RA) 市佔排位最高。,驗證分析 / 故障分析 (FA) / 材料分析,2nm/1.4nm 先進製程分析、矽光子驗證、全球實驗室規模
3594,磐儀,,,工業電腦 (IPC) / 智慧城市 / 聯發科,強固型手持設備規格、軌道交通監控、聯發科晶片整合
3597,映興,,,線束組件 / 智慧照明 / 車用連接,太陽能與風能線束、防水連接器規格、智慧居家感測系統
3609,三一東林,,,高端汽車改裝 / AI 科技 / 房產開發,頂級車款轉骨服務 (BRABUS)、AI 洗車、海外不動產
3611,鼎翰,全球前五大條碼印表機領導廠,自有品牌 TSC 在全球工業級條碼印表機市場排位極前，亞洲第一。,標籤印表機 / 自動識別 / TSC,全球標籤印表機前五、印字頭耗材技術、工業用熱轉印
3615,安可,,,光學鍍膜 / 玻璃加工 / 導電玻璃,觸控與偏光板材料、車用曲面玻璃、Mini LED 載板加工
3623,富晶通,,,觸控面板 / 電阻與電容式 / 萬達,工控與航太觸控技術、陽光下可讀規格、高耐用度面板
3624,光頡,,,被動元件 / 薄膜電阻 / 精密電阻,高精密薄膜技術、車載與醫療應用規格、國巨體系
3625,西勝,,,電池模組 / 筆電電池 / 二輪車電池,輕型電動車 (LEV) 能源管理、儲能設備、生產線自動化
3628,盈正,,,電力品質 / UPS / 綠能,電力回饋系統、大數據中心 UPS、太陽能逆變器 (Inverter)
3629,地心引力,,,行銷公關 / 數位媒體 / 文化創意,遊戲代銷、廣告企劃運籌、數位行銷轉化效率
3630,新鉅科,,,光學鏡頭 / 3D 感測 / 車載鏡頭,塑膠與玻璃混合鏡頭、微型化光學元件、丘鈦科技體系
3631,晟楠,,,錫材加工 / 焊接材料 / 房產開發,無鉛錫膏規格、電子焊接製程、建案完工認證進度
3632,研勤,,,行車紀錄器 / 臉辨系統 / 導航,PAPAGO! 品牌、AI 臉部辨識演算法、智慧居家監控
3646,艾恩特,,,連接器 / 車用與工業 / 高速傳輸,汽車導航與照明連接、低軌衛星天線連接、工規傳輸規格
3663,鑫科,,,半導體靶材 / 貴金屬加工 / 中鋼精材,12 吋晶圓濺鍍靶材、FOPLP 載板金屬材料、光電材料
3664,安瑞-KY,,,網路安全 / 負載平衡 / 雲端防護,WAF 網頁應用防火牆、大鼎集團入主後之東南亞擴展
3666,光耀,,,光學膜 / 增亮膜 / 聚光片,群創體系、平板與筆電增亮規格、Mini LED 專用光學膜
3672,康聯訊,,,網通設備 / 光纖到戶 (FTTH) / 交換器,歐洲光纖基礎建設、工業級乙太網路、CPE 用戶端設備
3675,德微,台灣高階二極體封測龍頭,達爾 (Diodes) 體系核心，掌握車用與工控高規格二極體技術排位。,功率半導體 / 達爾集團 / 自動化封裝,車用二極體與 MOSFET、亞微技術整合、SiC 封測產能
3680,家登,全球光罩傳送盒 (EUV Pod) 絕對龍頭,全球市佔超過 80%。台積電、艾司摩爾 (ASML) 唯一核心排位夥伴。,光罩載具 / EUV Pod / 半導體設備,ASML 先進製程唯一供應、晶圓傳送盒 (FOUP)、航太零件
3684,榮昌,,,高頻連接 / 天線組件 / 戶外通訊,Wi-Fi 7 / 5G 毫米波天線、強固型高頻元件、生產自動化
3685,元創精密,,,車用機構 / 金屬沖壓 / 車燈機構,中國車廠供貨佔比、車體結構輕量化、車燈散熱組件
3687,歐買尬,,,遊戲開發 / 第三方支付 / 綠界科技,經典 IP 經營、子公司綠界 (6763) 收益、AI 數位行銷
3689,湧德,全球精密通訊連接器領導廠,在整合式網路連接器 (Integrated RJ45) 技術與產能排位領先。,連接器 / RJ45 / 浸沒式散熱連接,AI 伺服器高速網口、浸沒式冷卻專用連接器、產線自動化
3691,碩禾,,,導電漿 / 正極材料 / 太陽能,TOPCon 太陽能銀漿、電動車電池材料、鴻海集團體系
3693,營邦,全球高階伺服器機殼與存儲平台領導廠,專注 AI 高密度伺服器與全閃存 (All-Flash) 機櫃，排位全球領先。,伺服器機箱 / 儲能設備 / AI 運算,高密度儲存與散熱機箱、浸沒式冷卻機櫃、水冷系統整合
3707,漢磊,台灣第三類半導體 (SiC/GaN) 代工龍頭,台灣首家量產 6 吋碳化矽晶圓廠，功率半導體轉型排位第一。,晶圓代工 / 化合物半導體 / SiC,6 吋與 8 吋 SiC 產能、GaN 功率元件、車用與儲能應用
3709,鑫聯大投控,,,電子通路 / 捷元 / 軟硬體代理,IT 產品通路、代理雲端授權服務、電競品牌行銷
3710,連展投控,,,連接器 / 天線 / 智慧能源,高頻高速連接技術、精密機構件、光電與綠能投資
3713,新晶投控,,,綠能開發 / 太陽能電廠 / 維運,案場建置容量 (MW)、電力出售收益、儲能案場整合
4102,永日,,,原料藥 (API) / 永信集團 / 賦形劑,符合 FDA/cGMP 規範、特殊製程代工、全球藥廠供貨
4105,東洋,台灣癌症藥與特殊針劑領導廠,具備微脂體與微球開發技術，在抗癌藥物開發排位全台第一。,生技醫藥 / 癌症藥物 / 流感疫苗,微脂體技術平台、委託開發製造 (CDMO)、國際藥證進度
4107,邦特,全球高階血液透析與體內導管領導廠,關鍵產品 TPU 導管全球排位前三，為高階醫材外銷領袖。,醫療耗材 / 洗腎管 / 體內導管,全球洗腎迴路管市佔、宜蘭科新廠產能、TPU 導管規格
4109,加捷生醫,,,保健食品 / 樟芝 / 台鋼集團,台鋼集團資源、電商與通路布局、機能性保健研發
4111,濟生,,,醫療製劑 / 洗腎液 / 輸液,洗腎透析液市佔、智慧化產線、新廠產能開出進度
4113,聯上,,,營建開發 / 聯上集團 / 住宅建案,南北地區推案平衡、完工入帳比例、營建毛利管理
4114,健喬,台灣呼吸道與特殊劑型藥物龍頭,掌握定量噴霧吸入劑 (MDI) 技術，在呼吸道藥物市場排位第一。,生技製藥 / 呼吸道藥物 / 鼻噴劑,MDI 吸入劑技術、品牌藥收購綜效、亞洲市場擴張
4116,明基醫,,,醫療設備 / 智慧手術室 / 醫材通路,BenQ 集團資源、手術燈/床市佔、超音波與耗材代理
4120,友華,,,醫藥與保健 / 嬰幼兒奶粉 / 處方藥,垂直整合藥廠、卡洛塔妮品牌、降血脂與抗癌藥代理
4121,優盛,,,醫療儀器 / 呼吸治療 / 佑全藥局,連鎖藥局通路收益、血壓計/霧化器規格、數位健康管理
4123,晟德,台灣生技投控與水劑藥物龍頭,台灣最大兒科水劑藥廠，且為台灣生技界「最強投資銀行」排位。,生技投控 / 核心液劑 / 策略投資,生技工業銀行模式、子公司投資評價、特殊液劑產能
4126,太醫,全球醫用吸引密閉系統領導廠,在醫用耗材與醫療氣體工程市佔排位亞洲領先。,醫療耗材 / 密閉式抽痰管 / 傷口引流,醫療用管規格、全球市佔率、自動化生產線良率
4127,天良,,,藥品代理 / 保健食品 / 廣告行銷,鼎三集團入主、品牌授權、電視與電台行銷通路
4128,中天,台灣植物新藥與生技研發指標龍頭,旗下擁有全球首款治療化療誘發貧血的植物新藥，研發排位極高。,生技新藥 / 免疫調節 / 鑽石生技,化療漾 (MS-20)、大和生技體系、投資性收益認列
4129,聯合,亞洲最大人工關節設計製造龍頭,亞洲唯一 具備垂直整合能力進入美歐市場的人工關節廠。,骨科醫材 / 人工關節 / 鍛造技術,人工膝/髖關節規格、全球五大通路布局、臨床認證進度
4130,健亞,,,生技製藥 / 505(b)(2) 新藥 / CDMO,緩釋劑型技術、中風與攝護腺藥物、與生泰策略聯盟
4131,浩泰,,,電子零組件 / 系統整合 / 顯示模組,(註：屬光電/電子業)、工業顯示介面、小尺寸顯示技術
4138,曜亞,,,醫學美容 / 醫美設備 / 佳醫集團,能量儀器代理 (雷射/電波)、肉毒與玻尿酸填充物市佔
4139,馬光-KY,,,醫療通路 / 中醫連鎖 / 天津馬光,新加坡與中國中醫診所數、洗腎中心佈局、健康管理服務
4147,中裕,全球愛滋病長效型藥物領導廠,獲美 FDA 核准之首款愛滋病蛋白質新藥，具備全球研發地位。,新藥開發 / 愛滋病藥物 / 單株抗體,Trogarzo (TMB-355)、長效型注射針劑、CDU 自有產能
4153,鈺緯,,,醫療顯示器 / 診斷與手術 / 專業顯示,DICOM 規格符合率、放射科診斷螢幕、佳世達集團
4154,樂威科-KY,,,建築裝潢 / 隔間板材 / 綠建材,(原名森啟)、環保防火板材、東南亞建材市場需求
4157,太景*-KY,,,新藥開發 / 抗感染藥物 / 流感藥,面額 0.001 元 (彈性面額)、太捷信 (抗生素) 權利金
4160,訊聯基因,,,基因檢測 / 精準醫療 / 分子診斷,(原名創源)、NIPT 檢測規格、生殖醫學與癌症基因
4161,聿新科,,,醫療器材 / 血糖與尿酸監測 / 蝦青素,三合一檢測系統、生物發酵技術、環保材料應用
4162,智擎,台灣癌症新藥授權模式龍頭,其胰臟癌藥物安能得 (ONIVYDE) 具備全球專利授權金排位。,新藥開發 / 癌症二線藥 / 權利金,安能得 (ONIVYDE)、PEP503 臨床進度、授權金入帳
4163,鐿鈦,全球高階微創手術器械零件領導廠,嬌生 (J&J) 核心供應商，在微創手術器材加工技術排位第一。,精密醫材 / 微創手術刀 / 微波開關,強生 (J&J) 供應鏈、醫療器材代工、5G 微波通訊組件
4166,友霖,,,生技製藥 / 緩釋技術 / 友華集團,OSDR 研發平台、ADHD 藥物規格、利基型學名藥開發
4167,松瑞藥,,,生技製藥 / 培南類抗生素 / 原料藥,厄他培南 (Ertapenem) 規格、美國市場市佔、新廠產能
4168,醣聯,,,新藥開發 / 醣抗原 / 抗體藥物,抗體技術平台、GNX-8 臨床開發、海外藥廠合作開發
4171,瑞基,,,核酸檢測 (PCR) / 自動化設備 / 禽畜,POCT (現場檢測) 規格、POCKIT 系統、水產防疫檢測
4173,久裕,,,醫療通路 / 藥品配送 / 冷鏈物流,佳醫集團、冷鏈物流配送效率、國際藥廠代銷品項
4174,浩鼎,台灣主動免疫抗癌藥物開發龍頭,雖然研發路長，但在全球 OBI-822 癌症疫苗領域仍具標竿排位。,新藥開發 / 癌症疫苗 / ADC 藥物,OBI-822 臨床三期進度、抗體藥物複合體技術、權利金
4175,杏一,台灣醫療器材零售連鎖龍頭,全台市佔第一，掌握醫療院所周邊通路與會員大數據排位。,醫療通路 / 醫療用品店 / 醫院店,全台店數、會員數 (CRM)、線上商城與線下服務整合
4183,福永生技,,,醫療器材 / 血糖監測 / 居家照護,血糖與尿酸多功能監測、OEM/ODM 合約、精準醫療晶片
4188,安克,,,智慧醫療 / AI 影像辨識 / 超音波,甲狀腺 AI 偵測 (AmCAD-UT)、睡眠呼吸中止症檢測
4192,杏國,,,新藥開發 / 胰臟癌藥物 / 杏輝集團,SB05PC 臨床進度、SB05 晚期胰臟癌研發、集團資源整合
4198,欣大健康,,,生技醫藥 / 醫療影像 / X 光機,(原名環瑞醫)、數位 X 光攝影系統、骨質密度儀
4205,中華食,台灣盒裝豆腐與甜點絕對龍頭,「中華豆腐」市佔率全台第一，具備強大的品牌與通路排位。,食品加工 / 豆腐與豆花 / 品牌消費,中華豆腐品牌力、黃豆原材料報價、低溫物流配送效能
4207,環泰,,,食品原料 / 麥芽糖與果糖 / 澱粉糖,液態糖漿規格、東南亞廠區產能、功能性低聚糖研發
4303,信立,,,合成皮 / 聚胺脂 (PU) / 永捷集團,環保無溶劑 PU 皮革、防水透濕規格、運動器材應用
4304,勝昱,,,表面處理 / 鋁箔包裝 / 光學鍍膜,高阻隔性包裝材料、電漿鍍膜技術、軟性顯示屏材料
4305,世坤,,,塑膠加工 / PVC 薄膜 / 膠布,醫療級 PVC 材料、耐候性建材膠布、生產線自動化效率
4401,東隆興,,,紡織纖維 / 尼龍 66 / 彈性包覆紗,高端運動服飾用紗、尼龍與酯粒價差、產能利用率
4402,郡都開發,,,營建開發 / 住宅推案 / 高雄地產,(原名福大)、高雄蛋黃區推案量、完工入帳進度
4406,新昕纖,,,紡織纖維 / 加工絲 / 聚酯纖維,規格化加工絲技術、特殊彈性纖維、成衣供應鏈整合
4413,飛寶企業,,,紡織成衣 / 國際貿易 / 長纖紡織,成衣 ODM 訂單、全球物流調配、化纖面料研發
4416,三圓,,,營建開發 / 都市更新 / 豪宅案,台北市精華區都更案、建案毛利管理、銷售完銷率
4417,金洲,全球最大漁網與繩索製造商之一,在圍網與深海養殖網具技術排位全球前三。,製網工程 / 漁網與工安網 / 繩索,深海養殖網具規格、風電工安網材料、全球通路佈局
4419,皇家美食,,,連鎖餐飲 / 潮港城 / 台鋼集團,(原名元勝)、大型婚宴與海鮮百匯、連鎖擴張綜效
4420,光明,,,紡織纖維 / 絲織布 / 地產處分,織布產線效率、觀音廠房資產價值、高端布料出口
4430,耀億,,,不織布 / 運動耗材 / 醫療濾材,網球線與釣魚線規格、高效過濾材料、產能自動化
4432,銘旺實,,,紡織成衣 / 運動與休閒 / 自有品牌,歐美通路訂單、越南與寮國產能、HAKERS 品牌經營
4433,興采,,,紡織纖維 / 咖啡紗 / 環保布料,S.Caf? 專利技術、戶外機能服規格、垂直整合產能
4442,竣邦-KY,,,紡織纖維 / 機能性面料 / 供應鏈,運動品牌共同開發、高規格複合材料、數位紡織管理
4502,健信,,,汽車零件 / 輪圈製造 / 輕量化,鋁合金輪圈規格、鍛造與鑄造技術、新能源車配套
4503,金雨,,,機電整合 / 自動販賣機 / 航太,智慧零售終端、航太鈑金組件、儲能櫃機構設計
4506,崇友,台灣電梯研發製造龍頭,台灣三大電梯廠之一，在高階超高速電梯具備自主研發排位。,電梯工程 / 升降設備 / 維修服務,高速電梯規格、物聯網遠端監控、維保合約收入佔比
4510,高鋒,,,工具機 / 加工中心機 / 龍門機,大同集團體系、智慧化切削中心、東南亞市場滲透
4513,福裕,,,工具機 / 磨床與車床 / 清茂集團,高端磨床技術、房產開發業務 (清景麟入主後轉型)
4523,永彰,,,科技製造 / 熱管理 / 智慧建築,(原名永彰機電)、儲能液冷技術、電子收費與安控
4527,方方土霖,,,空調設備 / 冰水機組 / 節能冷凝,?霖冷凍、中央空調市佔、磁浮離心式壓縮機規格
4528,江興鍛,,,汽車零件 / 冷鍛加工 / 傳動軸,高端冷間鍛造技術、新能源車傳動組件、中台兩地產能
4529,淳紳,,,電動車研發 / 電池管理 / 品牌經營,Thunder Power、電池包封裝技術、電動車專利授權
4530,宏易,,,精密模具 / 塑膠射出 / 房產開發,精密模具開發、多色射出技術、清景麟入主後之開發案
4533,協易機,全球前五大伺服沖床製造商,以自有品牌「SEYI」行銷全球，在汽車與航太金屬成型排位極高。,沖壓設備 / 伺服沖床 / 綠色製造,高轉矩伺服馬達技術、航太與車用沖壓線、節能規格
4534,慶騰,,,粉末冶金 (MIM) / 齒輪 / 電動工具,高密度燒結技術、複合零件加工、全球工具機鏈
4535,至興,,,汽車零件 / 精密沖壓 / 座椅調角器,全球機車碟盤市佔、汽車座椅結構件、生產自動化良率
4538,大詠城,,,精密鑄造 / 工具機鑄件 / 灰口鑄鐵,高階工具機床身、鑄件吸震規格、大型鑄造產能利用率
4541,晟田,,,航太零件 / 起落架 / 食品機械,波音/空巴供應鏈、起落架組件規格、精進加工精度
4542,科嶠,,,PCB 設備 / 自動化乾燥 / 載板,烘烤與乾燥技術規格、ABF 載板生產線、先進封裝配套
4543,萬在,,,散熱設備 / 車用空調 / 熱交換器,鋁製冷凝器規格、新能源車熱管理系統、AM 市場滲透率
4549,桓達,亞洲物理量感測器龍頭,跨入 AI 伺服器液冷與浸沒式冷卻感測器，技術排位全台第一。,感測器 / 物聯網儀表 / 流量控制,FineTek 品牌、智慧感測規格、半導體與化學廠務監控
4550,長佳,,,機電工程 / 智慧建築 / 運動管理,廠務機電統包、智慧空間維運、運動中心經營權收益
4554,橙的,,,車載電子 / 胎壓偵測 (TPMS) / RF,高低溫無線傳輸穩定度、歐美 AM 與 OEM 通路佈局
4556,旭然,,,過濾設備 / 工業濾囊 / 水處理,Filtrafine 品牌、半導體超純水過濾、液體分離規格
4558,寶緯,,,鋁擠型加工 / 建築鋁材 / 半導體架台,鋁合金精密擠型、半導體設備骨架、太陽能支架規格
4561,健椿,,,精密主軸 / 工具機組件 / 醫材,高速運算主軸規格、微縮加工技術、半導體切割主軸
4563,百德,,,工具機 / 五軸加工機 / 航太,Winbro 技術整合、航太引擎葉片加工、氫能源組件
4568,科際精密,,,微型泵閥 / 醫療設備 / 汽車腰靠,微型隔膜泵規格、血壓計核心組件、車用氣動座椅系統
4577,達航科技,,,PCB 設備 / 鑽孔機 / 雷射加工,高轉速氣浮主軸、先進封裝鑽孔技術、機台自動化維護
4580,捷流閥業,,,工業閥門 / 蝶閥 / 船舶與電廠,半導體潔淨閥門規格、耐高溫高壓技術、全球認證佈局
4584,君帆,,,液壓系統 / 氣壓元件 / 半導體,14nm/7nm 設備用液壓、風電維修組件、醫療動力系統
4609,唐鋒,,,小家電 / 廚房電器 / 貿易,果汁機與電暖器、OEM/ODM 合約週期、生產成本管理
4702,中美實,,,化學貿易 / 特用化學 / 房產投資,精細化學品通路、地產開發收益認列、資產活化價值
4706,大恭,,,有機顏料 / 顏料濃縮液 / 墨水,環保型顏料規格、塑膠與油墨應用、原材料化學品報價
4707,磐亞,,,特用化學 / 界面活性劑 / 乙二醇,洗劑原料規格、環氧乙烷 (EO) 報價連動、長興集團體系
4711,永純,,,合成樹脂 / 聚酯多元醇 / 塗料,聚氨酯 (PU) 硬化劑規格、環保樹脂研發、建築與工業應用
4714,永捷,,,特用化學 / 聚胺脂 (PU) / 折疊機,HC 塗料技術 (硬化膜)、折疊機保護層、長興集團體系
4716,大立,,,合成樹脂 / 塗料材料 / 絕緣漆,電機用漆規格、建材與家具樹脂、原材料 (酚類) 報價
4721,美琪瑪,,,電池材料 / 氧化觸媒 / 鈷鎳回收,硫酸鎳/硫酸鈷規格、電動車電池正極材料、LME 報價
4726,永昕,,,生技 CDMO / 抗體藥物 / 異體細胞,哺乳動物細胞產能、ADC 藥物開發、JCR 藥廠策略合作
4728,雙美,,,膠原蛋白 / 醫美植入 / 生醫材料,活性膠原蛋白提純技術、中國醫美市佔、填充物規格
4729,熒茂,,,觸控面板 / 光學貼合 / 軍規顯示,強固型觸控技術、高亮度顯示規格、工控與軍用介面
4735,豪展,,,醫療器材 / 紅外線測溫 / 居家照護,非接觸式感測精度、百靈 (Braun) 代工訂單、自動化組裝
4741,泓瀚,,,工業噴墨 / 數位墨水 / 紡織噴印,陶瓷與紡織用墨水、大圖輸出油墨規格、環保溶劑技術
4743,合一,全球慢性傷口照護新藥領先者,其研發之「速必一」獲多國上市許可，在糖尿病足潰瘍領域排位領先。,新藥開發 / 傷口癒合 / 免疫調節,速必一 (FESPIXON)、國際藥證授權、糖尿病足潰瘍藥
4744,皇將,,,製藥設備 / 檢驗機 / 自動化裝瓶,CVC 品牌、視覺檢測技術規格、北美與印度藥廠市場
4745,合富-KY,,,醫療設備 / 臨床檢驗 / 放射治療,設備租賃與維保收益、中國醫院體系、高階醫材代理
4747,強生製藥,,,生技製藥 / 處方藥 / 學名藥,特殊劑型開發、神經科與呼吸道藥物、cGMP 產能利用率
4749,新應材,台灣半導體微影製程材料龍頭級,2nm 先進製程材料核心供應商，光阻與特化材料排位 S 級。,半導體化學 / 光阻劑 / 關鍵材料,先進製程黃光材料、感光 polyimide、台積電供應鏈
4754,國碳科,,,特用化學 / 防火材料 / 阻燃技術,防火封堵規格、軌道交通防火、全球認證佈局
4760,勤凱科技,,,導電漿 / 被動元件 / 電感材料,高階內電極銀漿、AI 伺服器電感導電漿、金屬價格連動
4767,誠泰科技,,,特用化學 / 熱熔膠 / 防水材料,自動化包裝用膠規格、環保型熱熔膠、製鞋與建築應用
4768,晶呈科技,全球特殊氣體晶圓級封裝關鍵供應商,掌握「激光氣體」回收與精煉技術，半導體製程氣體排位第一。,半導體氣體 / 晶圓再生 / 乾式蝕刻,特種氣體純度規格、Laser 拆解技術、先進製程耗材
4772,台特化,全球半導體特種氣體寡占龍頭,矽乙烷、矽丙烷全球市佔極前，台積電先進製程特氣核心夥伴。,半導體氣體 / 特化 / 矽乙烷,特高純度電子級矽乙烷、中美晶集團、台積電核心供應
4804,大略-KY,,,觀光餐飲 / 婚禮策劃 / 房地產,(註：注意經營權異動與重整)、資產價值、婚慶市場轉向
4806,桂田文創,,,文化創意 / 演藝經紀 / 演唱會,展演經紀、桂田集團資源、數位內容與演藝商機
4903,聯光通,,,光通訊工程 / 光纖光纜 / 系統整合,台電與鐵道局專案、光纜布建、通訊系統統包
4905,台聯電,,,網通設備 / 多路多工 / 傳輸系統,工業用 DSL、語音數據整合、東南亞基礎建設
4907,富宇,,,營建開發 / 住宅推案 / 台中建商,台中與新竹推案進度、建案完工認證、預售屋銷況
4908,前鼎,,,光通訊 / 光收發模組 / 矽光子,800G 光通訊規格、CPO 技術路徑、雲端數據中心
4909,新復興,全球高頻微波通訊 PCB 龍頭級,在低軌衛星、基站與 5G 微波通訊基板領域排位全球領先。,高頻微波 / PCB 載板 / 低軌衛星,衛星通訊 LNB 載板、5G 毫米波板材規格、高頻天線
4911,德英,,,生技新藥 / 皮膚癌藥物 / 植物萃取,SR-T100 研發、功能性保養品、藥物傳輸系統
4923,力士,,,功率半導體 / MOSFET / 晶圓代工,溝槽式功率元件 (Trench)、快充與筆電電源管理
4924,欣厚-KY,,,精密機構 / 鍵盤組件 / 轉型開發,筆電鍵盤支架、音響組件、海外投資收益認列
4931,新盛力,,,電池模組 / 儲能系統 / 電動工具,AI 伺服器 BBU (備援電池)、輕型電動車能源管理
4933,友輝,,,光學膜 / 增亮膜 / 聚光片,筆電與顯示器增亮規格、車載顯示背光材料、群創體系
4939,亞電,,,軟性銅箔基板 (FCCL) / 聚醯亞胺 (PI),高頻 5G/6G 應用材料、黑孔製程技術、細線化軟板材料
4946,辣椒,,,遊戲開發 / 手遊代理 / 數位轉型,熱門 IP 營運、虛擬資產平台、海外遊戲授權金
4950,金耘國際,,,不銹鋼貿易 / 金屬材料 / 通路,大陸市場不銹鋼流通、金屬盤價變量、存貨週轉效率
4951,精拓科,,,IC 設計 / 工業電腦控制 / 橋接 IC,USB PD 控制晶片、強固型電腦介面技術、車載影音傳輸
4953,緯軟,,,資訊委外 (ITO) / 軟體開發 / AI 應用,AI 大型語言模型 (LLM) 數據標註、跨國研發人力資源
4966,譜瑞-KY,全球高階顯示與高速傳輸介面龍頭,eDP TCON 與高速傳輸晶片全球前三，掌握高速規格定義權。,IC 設計 / 高速傳輸 / 時序控制,PCIe Gen6 / USB 4.2 規格、eDP T-CON、AI 伺服器重定時器
4971,IET-KY,,,三五族磊晶 / 磷化銦 (InP) / 銻化鎵,光通訊雷射磊晶 (VCSEL)、國防航太紅外線偵測規格
4972,湯石照明,,,LED 照明 / 專業燈具 / 建築照明,美術館級照明規格、大峽谷-KY 整合綜效、智慧調光系統
4973,廣穎電通,,,記憶體模組 / SSD / 工規儲存,Silicon Power 品牌、工控與軍規儲存規格、快閃記憶體報價
4974,亞泰,,,影像感測器 (CIS) / 掃描模組 / 醫療,掃描器感測模組市佔、醫療病理影像掃描、自動化光學組裝
4979,華星光,全球光通訊 800G 收發模組領導廠,主供資料中心 400G/800G 光通訊主動元件，排位亞洲領先。,光通訊 / 雷射二極體 / 矽光子,800G / 1.6T 光收發模組、Marvell 合作體系、CPO 封裝
4987,科誠,,,標籤印表機 / 自動辨識 / 條碼系統,GoDEX 品牌、熱轉印技術規格、智慧物流標籤解決方案
4991,環宇-KY,,,化合物半導體 / 代工 / 濾波器,光通訊與 RF 功率放大器、KGD 晶粒、與三安/常州廠整合
4995,晶達,,,工業顯示器 / 高亮度面板 / 交通,陽光下可讀規格、長條型面板應用、智慧站牌與數位看板
5009,榮剛,全球前十大特殊合金鋼生產商,航太、能源及油氣產業之特殊鋼材供應，技術排位全台第一。,特種鋼材 / 航太鋼 / 工具鋼,ESR/VAR 重熔技術規格、波音與空巴認證、國防特種鋼
5011,久陽,,,螺絲扣件 / 廢棄物處理 / 台鋼集團,建築與車用扣件、子公司榮福環保綜效、鋼價連動
5013,強新,,,不銹鋼線材 / 伸線加工 / EP 管,半導體級潔淨管材、車用與電子級線束原料、產能產量
5014,建錩,,,不銹鋼加工 / 剪裁分銷 / 全球通路,大尺寸不銹鋼板、自動化倉儲與剪裁、LME 報價管理
5015,華祺,,,不銹鋼螺絲 / 緊固件 / 外銷,奧氏體不銹鋼規格、北美與歐洲建材市場、防銹性能認證
5016,松和,,,鋼纜製造 / 電梯鋼索 / 彈簧線,高張力鋼索規格、電梯與精密機械應用、原材料盤價轉嫁
5201,凱衛,,,資訊軟體 / 金融交易系統 / 電子商務,證券下單平台維護、AI 投顧演算法、軟體授權與維護費
5202,力新,,,資訊軟體 / 影像辨識 / 辦公自動化,OCR 辨識技術、智慧辦公解決方案、雲端管理平台
5205,中茂,,,特用化學 / 精細化學 / 資源開發,橡膠與塑膠添加劑、資源開發案、環境工程配套
5206,坤悅,,,營建開發 / 住宅推案 / 台中建商,台中蛋黃區與新興重劃區、完工入帳進度、營建毛利
5209,新鼎,,,系統整合 / 智慧廠務 / 中鼎集團,半導體廠自動化監控、ESG 碳管理軟體、能源調度系統
5210,寶碩,,,資訊軟體 / 金融雲端 / 虛擬實境,證券下單系統市佔、AI 理財機器人、數位孿生方案
5211,蒙恬,,,辨識軟體 / 數位簽署 / 雲端應用,手寫與名片辨識技術、PDF 簽署工具、AI 語音轉文字
5212,凌網,,,系統整合 / 智慧圖書館 / 金融科技,RFID 圖書管理規格、電子書平台、政府數位轉型專案
5213,亞昕,,,營建開發 / 住宅與商場 / 亞昕集團,林口與雙北推案量、完工入帳進度、馬來西亞地產收益
5220,萬達光電,,,觸控面板 / 電阻與電容式 / 工控,五線電阻觸控技術、高耐用度醫療面板、投射式電容
5223,安力-KY,,,精密機構 / 散熱風扇外殼 / 散熱,沖壓與壓鑄技術、筆電與伺服器散熱件、電動車組件
5227,立凱-KY,,,電池材料 / LFP 正極 / 技術授權,LFP 鋰電池智財授權、儲能系統材料、跨國專利佈局
5228,鈺鎧,,,被動元件 / 電感 / 鐵粉芯,車用級一體成型電感、0201 微型化技術、網通高頻電感
5230,雷笛克光學,,,光學透鏡 / LED 二次光學 / 散熱,車用超薄透鏡規格、精密模具設計、LED 封裝整合
5236,凌陽創新,,,IC 設計 / 影像處理 (ISP) / 筆電,AI 影像降噪技術、筆電攝影機晶片、物聯網感測 ISP
5245,智晶,,,PMOLED / 顯示模組 / 穿戴裝置,小尺寸自發光技術、醫療器材顯示器、透明顯示規格
5251,天鉞電,,,安控設備 / 智慧家庭 / 數位攝影機,無線監控系統規格、智能門鎖、物聯網影音傳輸協定
5263,智崴,全球飛行劇院體感設備龍頭,全球市佔第一 (>85%)，主題樂園體感設備排位絕對領先。,體感設備 / 飛行劇院 / 虛擬實境,六軸動感平台技術、全球主題樂園市佔、VR 內容開發
5272,笙科,,,IC 設計 / 無線傳輸 / RFIC,2.4GHz / Sub-1GHz 規格、衛星通訊 LNB、電子標籤 (ESL)
5274,信驊,全球伺服器管理晶片 (BMC) 絕對龍頭,全球市佔超過 70%，AI 與雲端伺服器「神經系統」的唯一排位霸主。,IC 設計 / BMC 晶片 / 360度影像,伺服器管理晶片市佔、Cupola360 影像處理、AI 伺服器規格
5276,達輝-KY,,,偏光板材料 / TAC 膜 / 高機能膜,寬幅 TAC 膜技術、光學級膠膜規格、三醋酸纖維素膜
5278,尚凡*,,,數位內容 / 雲端交友 / 投資控股,面額 1 元、iPair 品牌、大數據演算匹配、海外市場營收
5287,數字,台灣生活服務平台龍頭 (591/8881),房產 (591) 與汽車 (8891) 資訊平台市佔第一，具備數據定義權。,數位平台 / 電商服務 / 591 / 8591,房地產租售流量、二手車平台、人力與生活服務分眾
5289,宜鼎,全球工業級嵌入式存儲龍頭,全球市佔第一，專注工控、航太、AI 邊緣運算，排位無人撼動。,工業儲存 / AIoT / 記憶體模組,InnoAGE 邊緣運算儲存、強固型規格、工業級 SSD 市佔
5291,邑昇,,,PCB 製造 / LED 照明 / 電輔自行車,高密度連接板 (HDI)、單車導航與尾燈、e-Bike 品牌
5299,杰力,,,IC 設計 / 功率半導體 / MOSFET,高壓 Trench MOSFET、氮化鎵 (GaN) 布局、筆電電源管理
5301,寶得利,,,連鎖通路 / 珠寶零售 / 餐飲投資,跨境旅遊購物店、餐飲品牌加盟、資產活化與配置
5302,太欣,,,IC 設計 / 影像編碼 / 數位語音,玩具與消費性電子 IC、USB 音訊控制、微控制器 (MCU)
5309,系統電,全球藍牙胎壓偵測 (TPMS) 龍頭級,全球市佔前三，特斯拉 (Tesla) 與歐美商用車核心供應商。,車載電子 / TPMS / 儲能系統,藍牙胎壓偵測技術、資料中心儲能櫃、工業用強固平板
5310,天剛,,,資訊服務 / 系統整合 / 數位娛樂,雲端機房代管、企業 ERP 升級、遊戲營運與數位行銷
5312,寶島科,台灣眼鏡連鎖通路龍頭,旗下擁有寶島眼鏡等品牌，為全台市佔第一的視力服務排位。,連鎖通路 / 隱形眼鏡 / 配鏡服務,寶島眼鏡品牌、隱形眼鏡市佔、眼視光數位量測
5314,世紀*,,,半導體貿易 / 系統整合 / 彈性面額,面額 5 元、IC 代銷、轉型 AI 算力整合與資產管理
5315,光聯,,,液晶顯示 (LCD) / 工控與車載 / 面板,中小型面板規格、高亮度觸控整合、產能利用率
5321,美而快,,,電商平台 / 網紅品牌 / 流行服飾,PAZZO 品牌力、數位行銷轉換率、線上線下 (O2O) 整合
5324,士開,,,營建開發 / 土地開發 / 仰德集團,台北市精華區都更案、完工入帳進度、營建毛利
5328,華容,,,被動元件 / 電容 / 金屬膜電容,X/Y 安規電容規格、電源供應器應用、原材料成本
5340,建榮,全球高階 AI 伺服器布種 (NE-Glass) 前三大,高階玻纖布利基廠 (日商日東紡體系)NE布 / Q布。受惠母公司日東紡技術轉移，為高階 AI 伺服器布種核心供應商。,玻纖布 / 電子級材料 / 載板,低介電 (Low-Dk) 玻纖布、AI 伺服器 PCB 基材、日東紡技術
5344,立衛,,,IC 封測 / 晶圓測試 / 邏輯與類比,晶圓測試 (CP) 產能、小型封裝技術、消費性電子 IC
5345,馥鴻,,,安控設備 / 數位監控 / 攝影機,影像壓縮演算法、遠端監控平台、NDAA 合規規格
5347,世界,全球 8 吋晶圓代工龍頭級,全球市佔前三，專注成熟製程與高階功率半導體，排位 S 級。,晶圓代工 / 8 吋與 12 吋 / 功率半導體,新加坡 12 吋廠產能、SiC/GaN 研發、電源管理 IC (PMIC)
5348,正能量智能,,,運動科技 / 智慧零售 / 數位轉型,(原名系通)、智慧穿戴設備、AI 運動教練系統
5351,鈺創,,,IC 設計 / 記憶體與控制 IC / 3D 感測,RPC DRAM 規格、USB4 控制技術、邊緣 AI 影像處理
5353,台林,,,網通設備 / 工業交換器 / 系統代工,軌道交通通訊規格、強固型網通設備、智慧電網傳輸
5355,佳總,,,PCB 製造 / 鋁基板 / LED 背光,高散熱鋁基板技術、大尺寸電視背光、車用照明 PCB
5356,協益,,,精密機構 / 塑膠射出 / 碳粉匣,雷射印表機組件、電子產品外殼、自動化組裝效率
5364,力麗店,,,連鎖飯店 / 觀光旅遊 / 力麗集團,力麗哲園/威斯汀住房率、平均房價 (ADR)、資產配置
5371,中光電,全球背光模組與 DLP 投影機龍頭,DLP 投影機全球市佔第一，背光技術排位全球領先。,背光模組 / 投影機 / 無人機,微型 LED 顯示技術、智慧無人機系統、影像感測整合
5381,光譜,,,光通訊 / 雷射封裝 / 光收發器,5G 基地台光組件、PON 應用規格、雷射二極體封裝
5386,青雲,,,電腦週邊 / 顯示卡代理 / 技嘉體系,技嘉顯卡代理、記憶體模組銷售、電競市場滲透率
5392,能率,,,電子代理 / 數位相機組件 / 投資控股,日本設備與零件代理、電動車機構件、轉投資收益
5398,慕康生醫,,,生技醫藥 / 醫療器材 / 保健食品,(原名力達)、智慧醫材研發、預防醫學通路
5403,中菲,,,資訊軟體 / 金融信託系統 / 系統整合,銀行信託與證券系統市佔、軟體授權維護、金融數位化
5410,國眾,,,系統整合 / 雲端計算 / 智慧城市,企業資訊基礎建設、HP/IBM 設備代理、維保合約收入
5425,台半,台灣功率半導體 (二極體) 龍頭,在車用與工控二極體領域具備全球供應鏈排位優勢。,功率半導體 / 二極體 / MOSFET,車用二極體規格、自動化封裝產能、全球車廠供應鏈
5426,振發,,,精密機構 / 機箱與沖壓 / 電機,電腦與通訊機殼、特殊沖壓技術、鋁合金壓鑄
5432,新門,,,IC 設計 / 觸控控制 / 系統整合,投射式電容觸控 IC、工業控制介面、電阻式技術
5438,東友,,,OA 設備 / 多功能事務機 / 掃描器,影像處理技術、印表機 ODM 產能、智慧辦公設備
5439,高技,台灣厚銅 PCB 與高階電引板領先者,專注 AI 伺服器電源與電動車充電樁高壓板，技術排位極前。,PCB 製造 / 厚銅板 / 汽車與電工,AI 伺服器厚銅板規格、電動車大電流板、雲端網通應用
5443,均豪,台灣顯示器與半導體自動化設備龍頭,跨入先進封裝與矽光子檢測設備，為半導體本土化設備排位指標。,半導體設備 / 檢測與製程 / 先進封裝,PLP 封裝設備規格、AOI 自動光學檢測、台積電策略聯盟
5450,南良,,,特種紡織 / 高階電子材料 / 防護,電子級高階材料 (2026量產)、國防與工安防護規格
5452,佶優,,,電子通路 / 塑膠與化學材料 / 代理,ABS/PC 塑料報價、環保再生材料、半導體製程化學品
5455,昇益,,,營建開發 / 住宅推案 / 轉型,(原屬紡織轉型)、都更案完工進度、新竹與雙北建案
5457,宣德,全球高階精密連接器領導廠,立訊體系核心，掌握美系大廠手機與伺服器連接技術排位。,連接器 / 高速傳輸 / 立訊集團,Type-C 規格與低軌衛星連接、伺服器內部線材
5460,同協,,,精密沖壓 / 電子機構 / 通訊外殼,通訊設備金屬件、TFT-LCD 框體、精密模具開發
5464,霖宏,,,PCB 製造 / 多層板 / 消費電子,PCB 產能利用率、中低階通訊板規格、成本管控效率
5465,富驊,,,精密機構 / 伺服器機殼 / 偉訓集團,AI 伺服器機箱規格、雲端資料中心訂單、沖壓產能
5468,凱鈺,,,IC 設計 / 驅動 IC / 影音傳輸,串列器與解串列器 (SerDes)、LED 驅動規格、車載影音
5474,聰泰,全球影音擷取與 AI 邊緣運算領導廠,全球市佔第一梯隊，專注醫療、教育之專業影像擷取排位。,影音處理 / 採集卡 / 邊緣 AI,AI 影像分析技術、4K/8K 採集規格、醫療影像系統
5475,德宏,台灣一般電子級玻纖布產能前三 / 複合材料轉型領先者,E級布 / 強化型低介電布。2026 年轉型切入複合材料與高壓氣瓶，一般布產能前三。,玻纖布 / 電子級材料 / 複合材料,電子級玻璃纖維布 (LGB)、高頻高速基材、產能稼動率
5478,智冠,台灣遊戲點數與金流服務龍頭,旗下 MyCard 市佔全台第一，為遊戲產業通路與行銷排位霸主。,遊戲通路 / 點數支付 / 文化創意,MyCard 平台流量、遊戲發行與代銷、第三方支付收益
5481,新華,,,電子材料 / 代理貿易 / 轉型,(原名新華開發)、電子零組件通路、物業租賃收益
5483,中美晶,全球矽晶圓與綠能產業龍頭級,旗下環球晶為全球第三大矽晶圓廠，中美晶則為綠能整合排位第一。,再生能源 / 太陽能 / 半導體控股,M10/G12 太陽能電池、環球晶 (6488) 投資收益
5487,通泰,,,IC 設計 / 觸控控制 / MCU,電容式觸控規格、消費性電子開發、家電控制晶片
5488,松普,,,線纜製造 / 通訊線材 / 高頻傳輸,醫療與車用線束、5G 基站傳輸線、原材料 (銅) 價
5489,彩富,,,安控設備 / 網路攝影機 (IP Cam),自動對焦技術、NDAA 合規產品、智慧監控演算法
5490,同亨,,,商業自動化 / 支付終端 (POS) / NFC,雲端支付技術規格、刷卡機加密等級、全球金融通路
5493,三聯,,,感測監測 / 地震預警 / 半導體代理,廠務化學品供應系統、微震動監測、精密感測規格
5498,凱崴,,,PCB 耗材 / 鑽頭 / 銅箔基板,微鑽頭 (Micro Drill) 規格、載板加工耗材、雷射鑽孔
5508,永信建,南台灣營建獲利龍頭級,專注高雄精華區開發，以高周轉率與獲利能力位居排位前列。,營建開發 / 住宅推案 / 高雄建商,高雄蛋黃區完工入帳、毛利率管理、建案去化速度
5511,德昌,,,營建工程 / 公共工程 / 統包營造,社會住宅與公共設施、重大建設合約、營造毛利
5512,力麒,,,營建開發 / 水務環境 / 力麗集團,都市更新建案、山林水 (8473) 收益、旅館經營配置
5514,三豐,,,營建開發 / 都更建案 / 台北建商,台北市大同區與中正區推案、都更審核進度、銷售率
5516,雙喜,,,營建工程 / 土木工程 / 營造,廠辦與住宅工程、工程案量儲備、成本控管能力
5520,力泰,,,建材供應 / 預拌混凝土 / 營建,混凝土供給量、建案工地配比、砂石原料成本連動
5523,豐謙,,,營建開發 / 住宅推案 / 台中建商,台中與竹北推案、完工認列時程、土地取得成本
5529,鉅陞,,,營建開發 / 住宅大樓 / 轉型,(原名廣錠轉型)、交屋入帳高峰、營建品牌經營
5530,龍巖,台灣殯葬服務與生命產業龍頭,具備絕對市場領導地位，禮儀服務與塔位資產排位第一。,殯葬服務 / 禮儀設施 / 資產管理,塔位完工認列、高毛利禮儀服務、海外與資產配置
5536,聖暉*,亞洲高階潔淨室工程龍頭級,專注半導體與生技廠務工程，在東南亞與台灣排位極前。,機電工程 / 無塵室 / 半導體建廠,面額 5 元、海外與第三地建廠規模、綠色工程技術
5543,桓鼎-KY,,,建材金屬 / 節能建材 / 鋰電池,節能牆板技術規格、儲能牆系統、金屬建材通路
5547,久舜,,,營建工程 / 住宅營造 / 都更,雙北都更營造量、工程毛利率、營建成本控管效率
5548,安倉,,,公共工程 / 基礎建設 / 隧道水利,政府標案獲取率、重大建設施工進度、工程品質認證
5601,台聯櫃,,,倉儲物流 / 貨櫃集散 / 運輸,貨櫃裝卸量、內陸運輸效率、基隆港周邊倉儲需求
5603,陸海,,,重機運輸 / 物流中心 / 貨櫃倉儲,重大設備吊裝技術、油品運輸、物流周轉效率
5604,中連,,,物流轉型 / 地產租賃 / 倉儲,(退出貨運轉租賃)、資產開發收益、土地出租價值
5609,中菲行,亞洲跨境物流與空運代運龍頭級,具備強大國際航網調度能力，在亞洲電子產品物流排位領先。,航空貨運 / 海運承攬 / 物流科技,空運價格走勢、跨境電商物流、全球物流網覆蓋
5701,劍湖山,,,觀光遊樂 / 飯店經營 / 主題樂園,遊客人次、飯店住房率、設施更新與數位化行銷
5703,亞都麗緻,,,飯店經營 / 台北亞都麗緻 / 餐飲,法式高端餐飲規格、商務客佔比、精緻服務口碑
5704,老爺知,,,飯店經營 / 知本老爺 / 溫泉休閒,東部觀光景氣、國旅市場佔比、飯店資產活化
5864,致和證,,,證券商 / 經紀與自營 / 投資,台股成交量、自營部門績效、經紀業務手續費收入
5878,台名,,,保險經紀 / 產壽險 / 通路,保單成交規模、經紀人團隊擴張、新保險商品滲透
5902,德記,,,食品通路 / 代理貿易 / 統一集團,國際品牌代理權、開喜品牌、通路鋪貨率與物流
5903,全家,台灣超商通路前二,數位會員體系與鮮食研發排位在亞洲零售界極具競爭力。,便利商店 / 數位會員 / 物流通路,數位 APP 會員經濟、店數擴張、鮮食與跨業合作
5904,寶雅,台灣生活雜貨百貨通路龍頭,全台市佔第一，具備絕對的女性消費數據與美妝排位。,生活百貨 / 藥妝零售 / POYA,美妝與生活用品定價權、店格升級、線上電商佔比
5905,南仁湖,,,觀光通路 / 休息站 / 飯店與育樂,國道服務區經營權、海洋生物博物館、大型土地開發
6015,宏遠證,,,證券商 / 經紀與承銷 / 投顧,證券交易手續費、承銷案件量、數位下單平台規模
6016,康和證,,,證券商 / 期貨與經紀 / 債券,市場波動度收益、自營操作表現、金融科技應用
6020,大展證,,,證券商 / 經紀業務 / 投資,穩定經紀市佔、自營獲利穩定度、資產管理效益
6021,美好證,,,證券商 / 經紀與自營 / (原大慶),品牌轉型與數位化、ESG 投資、財富管理轉型
6023,元大期貨,台灣期貨商龍頭,交易量與客戶保證金規模長期穩居全台排位第一。,期貨經紀 / 槓桿交易 / 全球期貨,保證金存量、全球衍生性商品代理、數位交易工具
6026,福邦證,,,證券商 / 承銷與財務顧問 / 精品商銀,IPO 與 SPO 案件量、企業整併顧問、經紀業務
6101,寬魚國際,,,文化創意 / 演唱會 / 經紀與內容,國際巨星演唱會規格、版權金收入、演藝經紀佈局
6103,合邦,,,電子組件 / 代理與貿易 / 系統開發,(原名合邦電子轉型)、電子元件分銷、新業務導入進度
6104,創惟,全球 USB 控制 IC 領導廠,在 USB 4.0 與高階 Hub 控制晶片具備全球前三之排位。,IC 設計 / USB 控制 / 訊號處裡,USB 4.0 / USB 3.2 規格、集線器控制晶片、快充 PD
6109,亞元,,,電源供應器 / 電子變壓器 / 網通,互不干擾變壓器規格、工業用電源、產能自動化率
6111,光聚晶電,,,半導體材料 / 數位金融 / 遊戲代理,(原大宇資)、半導體營收佔比 (目標 >60%)、紅陽支付掛牌
6113,亞矽,,,電子通路 / 微控制器 (MCU) / 網通,代理品牌線廣度、物聯網解決方案、庫存周轉效率
6114,久威,,,精密機構 / 導電材料 / 沖壓件,顯示器與通訊機構、導電膠規格、車載應用滲透率
6118,建達,,,資訊通路 / 雲端服務 / 威盛集團,伺服器與存儲設備代理、AI 軟體授權、企業數位轉型
6121,新普,全球筆電電池組絕對龍頭,全球市佔第一，連續十多年蟬聯全球筆電電池排位霸主。,電池模組 / 筆電與伺服器 / 高階儲能,AI 伺服器 BBU 規格、二輪電動車能源、AES-KY 收益
6122,擎邦,,,機電工程 / 水務與化學廠務 / 氫能,半導體潔淨室工程、採購與施工 (EPC) 案件量、氫能站
6123,上奇,,,資訊服務 / 數位印刷 / 雲端加值,雲端資產管理平台 (SaaS)、HP 數位印刷設備代理
6124,業強,,,散熱組件 / 熱導管 / 燒結粉末,熱導管與均熱板 (VC) 規格、伺服器散熱需求、原材料價
6125,廣運,全球 AI 伺服器液冷散熱與自動化龍頭,液冷散熱規格制定者之一，掌握 CDU 與水冷背門關鍵技術排位。,自動化設備 / 水冷散熱 / 智慧倉儲,兩相浸沒式冷卻技術、CDU 監控系統、半導體物流自動化
6126,信音,,,連接器 / 防水連接 / 高速傳輸,Type-C 防水規格、車載與戶外儲能連接、立訊合作綜效
6127,九豪,,,精密陶瓷 / 陶瓷基板 / 電阻材料,008004 微型化規格、車用與高頻陶瓷基板、產能產量
6129,普誠,,,IC 設計 / 驅動 IC / 車載影音,抬頭顯示器 (HUD) 驅動、車用影像傳輸、系統單晶片
6130,上亞科技,,,生技醫療 / 能源租賃 / 藥品通路,(原星寶)、學名藥開發、再生能源售電收益、私募現增
6134,萬旭,,,線纜組件 / 極細同軸線 / 醫療車用,低軌衛星內部線束規格、微創手術設備線、高速傳輸線
6138,茂達,台灣 DDR5 / Vcore 電源管理 IC 龍頭,在 PC 與伺服器電源管理晶片市佔全台第一，DDR5 規格排位亞洲領先。,IC 設計 / 電源管理 (PMIC) / 散熱驅動,DDR5 / DDR6 PMIC 規格、風扇驅動 IC、AI 筆電滲透率
6140,訊達電腦,,,系統整合 / 雲端架構 / 維保服務,企業硬體整合、雲端虛擬化、維護合約收益穩定度
6143,振曜,全球電子書閱讀器 (E-Reader) 組裝龍頭,全球市佔第一，與 E-Ink 元太緊密合作，掌握全球電子書硬體排位。,電子書 / 電子紙標籤 (ESL) / 醫療,彩色電子紙規格、全球電子書代工市佔、電子貨架標籤
6144,得利影,,,文化創意 / 影音發行 / 串流服務,影音版權代理、線上租賃平台、零售通路覆蓋率
6146,耕興,全球 5G / Wi-Fi 7 檢測驗證龍頭,全球市佔第一，具備手機與無線裝置全球規格檢測之排位霸主地位。,檢測驗證 / 5G 與 6G / Wi-Fi 7,毫米波 (mmWave) 測試規格、全球發證量、AI 手機驗證
6147,頎邦,全球顯示驅動 IC (DDI) 封裝龍頭,全球市佔第一，掌握高階金凸塊 (Gold Bump) 技術排位。,IC 封測 / 金凸塊 / 先進封裝,扇出型面板級封裝 (FOPLP)、OLED 驅動 IC 封測
6148,驊宏資,,,資訊服務 / 金融專案 / 系統代工,金融機構系統交貨驗證進度、雲端機房、網通設備
6150,撼訊,,,顯示卡 / 電競週邊 / AI 運算卡,AMD 顯卡銷售、區塊鏈與 AI 加速卡、電競市場景氣
6151,晉倫,,,塑膠材料 / 工程塑膠 / 複合材料,尼龍與聚酯規格、車用與電子機殼材料、原油報價連動
6154,順發,,,電子零售 / 資訊百貨 / 公益企業,3C 產品銷售額、門市轉型經營、電商與實體整合
6156,松上,,,PCB 製造 / 機構組件 / 車載電子,雙面與多層 PCB 規格、車燈與儀表控制板、沖壓產能
6158,禾昌,,,連接器 / 顯示介面 / 極細線,筆電與電視傳輸規格、LVDS 連接器、自動化組裝效率
6160,欣技,,,自動識別 / 掃描終端 / 行動電腦,AIDC 掃描技術規格、Android 強固型終端、倉儲物流
6161,捷波,,,工業電腦 (IPC) / 研揚集團 / 嵌入式,智慧零售主機、物聯網閘道器、工業自動化規格
6163,華電網,,,系統整合 / 5G 電信 / 智慧城市,寬頻網路佈建、資安監控系統、公部門標案執行力
6167,久正,,,液晶顯示 (LCD) / TN-STN / 模組,中小型面板規格、家電與工控顯示、產能稼動率
6169,昱泉,,,遊戲開發 / 數位內容 / IP 授權,自有 IP 遊戲營運、海外版權金、跨平台技術研發
6170,統振,,,數位金融 / 外籍移工匯兌 / 電池,移工匯款 App (QuickPay)、金融科技特許、儲能電池
6171,大城地產,,,營建開發 / 住宅推案 / 台中建商,(原大成糖轉型)、台中重劃區推案、建案完工入帳
6173,信昌電,,,被動元件 / 高壓電容 / 陶瓷粉末,大尺寸高壓 MLCC 規格、車用與工規電感、華新科體系
6174,安碁,,,石英元件 / 頻率控制 / 震盪器,高精度石英晶體、網通與車用規格、頻率穩定度
6175,立敦,,,電極箔 / 鋁電解電容 / 導電材料,高壓化成箔產能、與立隆集團整合、鋁價與電價連動
6179,亞通,,,工程承包 / 能源與水務 / 海外電廠,電廠循環水系統、東南亞基礎建設、儲能案場統包
6180,橘子,,,遊戲平台 / 支付與電商 / 數位內容,《天堂》系列 IP 營收、GASH 點數、電商與媒體綜效
6182,合晶,全球前六大矽晶圓供應商,專注重摻矽晶圓與車用功率半導體基板，技術排位亞洲領先。,矽晶圓 / 重摻晶圓 / 磊晶,8 吋/12 吋矽晶圓規格、低阻重摻技術、車用半導體基板
6185,幃翔,,,連接器 / I/O 介面 / 高速傳輸,筆電與通訊連接器規格、精密模具設計、自動化組裝
6186,新潤,,,營建開發 / 住宅推案 / 北台灣建商,板橋、桃園推案完工量、品牌建設力、預售屋銷況
6187,萬潤,全球 AI 先進封裝 (CoWoS) 設備領先者,台積電 CoWoS 點膠、取放設備核心供應商。,半導體設備 / 先進封裝 / 點膠與檢測,CoWoS 封裝設備規格、被動元件包裝機、台積電供應鏈
6188,廣明,全球協作型機器人龍頭 (達明機器人),旗下達明為全球第二大協作機器人品牌，具備 AI 視覺整合排位。,外接儲存 / 協作機器人 / SSD,達明機器人 (TM Robot)、AI 視覺整合、固態硬碟代工
6190,萬泰科,,,線纜製造 / 高頻網路線 / 阻燃線,CMP 等級數據線規格、5G/6G 通訊線、電動車內連線
6194,育富,,,PCB 製造 / 電腦主機板 / 轉型,多層 PCB 規格、產線自動化、資產活化與投資收益
6195,詩肯,,,連鎖家具 / 柚木家具 / 居家生活,Scan Living 品牌、展店策略、房市連動度、物流效率
6198,瑞築,,,營建開發 / 營造工程 / 綠建築,(原瑞穎轉型)、商辦與住宅開發、都更案件認列進度
6199,天品,,,殯葬服務 / 基督徒墓園 / 生命禮儀,單一市場區隔定位、塔位預售、禮儀服務客製化
6203,海韻電,,,電源供應器 / 高階電競 / 電源管理,ATX 3.0/3.1 規格電源、伺服器電源、Seasonic 品牌
6204,艾華,,,電子組件 / 調整器 / 傳感器,可變電阻規格、微型編碼器、音響與家電精密元件
6207,雷科,,,被動元件設備 / 捲帶材料 / 雷射修整,被動元件包裝帶、雷射切割設備規格、半導體封裝材料
6208,日揚,,,真空設備 / 廠務系統 / 半導體維修,真空泵浦與閥門規格、設備清洗再生、台積電廠務服務
6210,慶生,,,PCB 製造 / 少量多樣 / 厚銅板,工控與雲端 PCB 規格、快速打樣能力、高頻高速板材
6212,理銘,,,營建開發 / 住宅推案 / 昌益集團,新竹與竹北推案量、完工入帳進度、營建毛利
6217,中探針,全球消費電子 Pogo Pin 龍頭 / 亞洲大電流探針領導廠,大電流 MagSafe/EV 充電傳導、AI 晶片老化測試探針 (Burn-in)、微型 AI 穿戴連接。,精密連接 / 測試針 / Pogo Pin,半導體測試探針規格、電動車充電槍觸點、大電流連接
6218,豪勉,,,系統整合 / 網路資安 / 半導體設備,代理 KLA 設備維修、資安監控系統、大型企業機房佈建
6219,富旺,,,營建開發 / 住宅推案 / 中台灣建商,台中與苗栗推案、完工認列高峰期、預售銷況
6220,岳豐,,,線纜製造 / 通訊線材 / 電商通路,CAT 6A/7 高頻線規格、美國 Monoprice 營收、原材料銅價
6221,晉泰,,,系統整合 / 雲端計算 / 緯創集團,企業數位轉型方案、雲端管理平台、視訊會議系統
6222,立軒,,,電子組件 / 代理貿易 / 散熱與連接,連接器與開關代理、產能與庫存水位、下游終端需求
6223,旺矽,全球半導體垂直探針卡 (VPC) 前三,懸臂式探針卡全球第一，AI 晶片與驅動 IC 測試介面排位極高。,測試介面 / 探針卡 / 設備,垂直與 MEMS 探針卡規格、先進封裝測試、全球市佔率
6227,茂綸,,,電子通路 / 日本 Macnica / AI 方案,高階半導體代理、邊緣運算模組、機器人與工業 AI
6228,全譜,,,光學影像 / 掃描器 / 醫療影像,負片掃描技術、數位牙科影像、精密光學機構
6229,研通,,,IC 設計 / 語音控制 / 微控制器,消費性語音 IC、語音辨識演算法、玩具與小家電應用
6231,系微,全球 BIOS 韌體龍頭級,與美國美商 Insyde 並列，在筆電與伺服器 BIOS 市佔排位全球領先。,資訊軟體 / BIOS 韌體 / UEFI,AI 筆電與伺服器 BIOS 規格、Arm 平台兼容性、授權金
6233,旺玖,,,IC 設計 / USB 控制 / 感測器,USB 高速傳輸、微機電 (MEMS) 感測、電源監測 IC
6234,高僑,,,自動化設備 / 傳送系統 / PCB 設備,PCB 自動化搬運、光電設備開發、精密模具加工
6236,中湛,,,環境工程 / 資源回收 / 廢棄物處理,(原名康呈/聯灃)、水處理工程、資源循環再生技術
6237,驊訊,,,IC 設計 / 音訊處理 / 遊戲耳機,USB 音訊解碼規格、主動降噪演算法、虛擬環繞音效
6240,松崗,,,數位內容 / 遊戲代理 / 資產租賃,經典手遊代理、軟體授權、不動產租賃收益
6241,鑫永洋,,,電子組件 / 工業控制 / 轉型,(原名易通展)、網路傳輸設備、能源管理系統
6242,立康,,,生技醫藥 / 觀光工廠 / 保健食品,品牌藥品行銷、中草藥研發、遊客消費客單價
6244,茂迪,,,再生能源 / 太陽能電池 / 模組,TOPCon 高效電池規格、案場建置容量、政策補貼進度
6245,立端,全球網絡安全硬體 (SD-WAN) 龍頭,全球市佔第一，提供全球一線資安軟體廠之硬體平台排位。,工業電腦 (IPC) / 網路安全 / 邊緣運算,SD-WAN 網關規格、車載電腦、台達電策略聯盟
6246,臺龍,,,光電組件 / 導光板 / 轉型,背光模組材料、精密射出技術、資產活化與新業務
6248,沛波,,,鋼鐵加工 / 鋼筋 / 台鋼集團,鋼筋加工產能、全台物流配送、建案與公共工程需求
6259,百徽,,,電子組件 / 變壓器 / 濾波器,網通元件規格、電源轉換技術、產能自動化效率
6261,久元,,,IC 封測 / 晶圓切割 / 測試設備,驅動 IC 測試、LED 挑揀產能、自行研發測試機台
6263,普萊德,,,網通設備 / 工業交換器 / PoE,工規網路通訊規格、Planet 品牌力、智慧路燈與交通
6264,富裔,,,營建開發 / 都更與旅館 / 住宅推案,雙北都更案進度、旅館經營收益、建案完銷入帳
6265,方土昶,,,電子通路 / 代理貿易 / 資源開發,電子零組件代理、海外投資收益、資產活化價值
6266,泰詠,,,電子代工 (EMS) / 表面黏著 (SMT),印刷電路板組裝、生產線自動化、工控與通訊客戶佔比
6270,倍微,,,電子通路 / 網通與存儲 / 代理,代理品牌線廣度、庫存管理效率、下游網通需求
6274,台燿,全球高階交換器 CCL 領先者,在極低損耗基板排位僅次於台光電，屬技術領先梯隊。(極低損耗 K級布),銅箔基板 (CCL) / 高頻高速 / AI 伺服器,Very Low Loss (極低損耗) 規格、800G 交換器基材800G/1.6T 交換器 。
6275,元山,,,散熱組件 / 車用散熱 / 高階家電,車載風扇與液冷散熱、歐洲車廠訂單、智慧熱管理
6276,安鈦克,,,電腦週邊 / 高階電源 / 機殼,Antec 品牌力、電競散熱系統、ATX 3.1 規格電源
6279,胡連,亞洲汽車連接器領導廠 / 台灣龍頭,中國車廠核心供應商，在車用端子與連接器排位全台第一。,車用零件 / 端子連接器 / 車用電子,高速高頻車用連接 (Fakra)、中國車廠滲透率
6284,佳邦,全球電感與天線元件領先者 (焦家軍),GPS 天線與保護元件在車用與穿戴裝置排位亞洲前三。,被動元件 / 天線 / 華新科體系,5G 毫米波天線規格、電感與過電壓保護、GPS 天線
6290,良維,全球高階資料中心與 EV 電源線材龍頭,亞馬遜 (AWS) 核心供應商，高壓大電流線材技術排位領先。,線纜組件 / 高平傳輸線 / 伺服器電源,AI 伺服器大電流線材、Amazon 與 Apple 供應鏈
6291,沛亨,,,IC 設計 / 電源管理 (PMIC) / 振曜集團,高電壓類比技術、工業用與筆電電源控制、產能分配
6292,迅德,,,電子變壓器 / 感測器 / 磁性元件,工業與醫療用電源、變壓器磁芯技術、產線良率
6294,智基,,,文教事業 / 公職補教 / 志光公職,報考人次、數位學習平台、連鎖補習班營運效率
6411,晶焱,亞洲靜電防護 IC (ESD) 龍頭,專注高速傳輸介面之 ESD 保護，在筆電與工控市場排位第一。,IC 設計 / 靜電防護 (ESD) / 高速接口,USB 4 / PCIe 6.0 防護規格、車載通訊 ESD 技術
6417,韋僑,全球 RFID 標籤與感測模組領導廠,專注醫療與工業用特殊標籤，產能與技術排位全台第一。,RFID / 電子標籤 / 物聯網,工業級 RFID 標籤規格、智慧醫療與冷鏈追蹤應用
6418,詠昇,,,連接器 / 通訊與工業 / 轉型,訊號傳輸連接器、精密模具加工、新產品導入進度
6419,京晨科,,,安控軟體 / 影像管理 (VMS) / AI 監控,AI 影像辨識演算法、多頻道監控平台、全球標案能力
6423,億而得,,,IC 設計 / 嵌入式非揮發性記憶體,MTP (多次編程) 技術規格、PMIC 內嵌記憶體 IP
6425,易發,,,半導體設備 / 檢測設備 / 壓合技術,先進封裝自動化設備、光電與半導體製程優化
6432,今展科,,,被動元件 / 電感 / 面板與 NB,筆電與顯示器電感規格、代理通路收益、庫存周轉
6435,大中,,,IC 設計 / 功率半導體 / MOSFET,中高壓溝槽式 MOSFET、AI 伺服器電源管理、類比代工
6441,廣錠,,,工業電腦 / 儲能系統 / 博弈設備,大型儲能櫃 (ESS) 組裝、充電樁外殼、博弈機台代工
6461,益得,,,生技醫藥 / 定量噴霧 (MDI) / 健喬集團,呼吸道給藥平台、國際藥證申請、CDMO 產能
6462,神盾,全球指紋辨識與 AI 晶片設計龍頭級,轉型 AI 矽智財 (IP) 與感測器整合，具備強大集團化排位。,IC 設計 / 乾淨晶片平台 / IP 授權,併購乾瞻/乾坤之整合綜效、指紋辨識與 AI 晶片
6465,威潤,,,衛星定位 / 車聯網 / 通訊模組,4G/5G 追蹤設備規格、車隊管理系統、冷鏈物流監控
6469,大樹,台灣連鎖藥局通路龍頭,全台市佔第一，掌握處方藥與母嬰市場排位之霸主。,連鎖藥局 / 醫療通路 / 智慧零售,全台總店數與單店獲利、寵物藥局佈局、跨境電商
6470,宇智,,,網通設備 / 5G CPE / 工業路由器,5G 毫米波傳輸規格、強固型網通硬體、北美市場需求
6474,華豫寧,,,電子通路 / 智慧門鎖 / WAFERLOCK,電子鎖品牌力、微控制器代理、智慧居家系統整合
6482,弘煜科,,,遊戲開發 / 網頁遊戲 / IP 授權,二次元風格遊戲營運、日系市場收益、經典 IP 續作
6485,點序,,,IC 設計 / 快閃記憶體控制 / SD 控制,USB 3.2 / 4.0 規格、SD 記憶卡控制、金士頓體系
6486,互動,,,系統整合 / 數位媒體 / 5G 基站,電信與廣播系統統包、雲端機房、5G 專網建置進度
6488,環球晶,全球第三大矽晶圓供應商,台灣龍頭。具備 12 吋晶圓全規格生產能力，全球半導體戰略排位。,矽晶圓 / 12 吋晶圓 / 化合物半導體,12 吋產能稼動率、SiC 磊晶規格、長約 (LTA) 價格
6492,生華科,,,新藥開發 / 癌症與抗病毒 / DNA 修復,Silmitasertib (CX-4945)、臨床二期進度、授權金
6494,九齊,,,IC 設計 / 語音控制 / 微控制器 (MCU),消費性與教育玩具 IC、語音壓縮演算法、小家電控制
6496,科懋,,,生技醫藥 / 罕見疾病藥物 / 診斷,罕病用藥代理、孤兒藥開發、檢測服務營收佔比
6498,久禾光,,,光學鏡頭 / 車載鏡頭 / 行車紀錄,車用鏡頭模組、3D 感測技術、自動化光學組裝
6499,益安,,,醫療器材 / 微創手術 / 研發平台,大血管與骨科手術醫材、國際授權進度、上游設計
6506,雙邦,,,特用化學 / 塗層材料 / 合成皮,透濕防水膜規格、紡織助劑、原材料 (TDI/MDI) 報價
6508,惠光,,,農化特化 / 植物保護 / 地工材料,農藥登記證數量、HDPE 地工膜規格、出口市場佔比
6509,聚和,,,特用化學 / 生物緩衝劑 / N次貼,電池添加劑規格、製藥用特化、利貼 (Hopax) 品牌
6510,精測,全球半導體測試探針卡 (Probe Card) 領導廠,AI 晶片先進封裝測試、垂直探針卡 (VPC)、微針頭技術 (MEMS)。,測試介面 / 探針卡 / 測試載板,MEMS 探針卡規格、AI 與高速運算 (HPC) 測試
6512,啟發電,,,影音傳輸 / 轉換器 / HDMI 2.1,4K/8K 影像處理技術、影音矩陣切換、專業影音設備
6516,勤崴國際,,,地圖導航 / 自動駕駛 / 圖資數據,高精地圖 (HD Map) 規格、自駕巴士、樂客導航王
6517,保勝光學,,,光學鏡頭 / 大尺寸玻璃 / 航太,航太與國防鏡頭規格、電影放映鏡頭、精密加工
6523,達爾膚,,,美容保養 / 醫美品牌 / DR.WU,品牌研發與通路力、新品推出週期、海外電商市場
6527,明達醫,,,醫療器材 / 眼科診斷 / 檢測設備,眼底攝影機規格、數位化診斷系統、OEM/ODM 合約
6530,創威,,,光通訊 / 光收發模組 / 工規應用,工業級強固光模組、特殊波長規格、耐高溫高壓技術
6532,瑞耘,台灣半導體前段製程耗材與關鍵零件龍頭,先進製程 CVD/CMP 零件、靜電吸盤 (ESC) 維修、半導體設備耗材。,半導體設備 / 耗材 / 研磨與蝕刻,CMP (化學機械研磨) 耗材規格、設備維修與再生
6535,順藥,,,新藥開發 / 長效止痛 / 缺血性中風,LT3001 臨床開發、505(b)(2) 新藥路徑、授權綜效
6538,倉和,全球太陽能網版印刷技術龍頭,雷射網版 PI 技術 (CF 系列)、TOPCon 太陽能電池高效印刷規格。,電子組件 / 太陽能網版 / 印刷材料,PI 網版技術規格、太陽能電池效率提升、消耗品營收
6542,隆中,,,遊戲開發 / 數位娛樂 / 自有研發,重點遊戲營運、研發團隊產能、海外市場發行收益
6546,正基,,,網通設備 / 無線模組 / 物聯網,Wi-Fi 7 / 藍牙模組規格、邊緣運算連網、智慧家庭
6547,高端疫苗,,,生技醫藥 / 疫苗開發 / 腸病毒,腸病毒疫苗出貨、流感疫苗、國際認證與採購合約
6548,長科*,全球導線架 (Lead Frame) 龍頭 / 市佔第一,QFN 封裝導線架、車用動力系統與 AI 伺服器電源管理封裝。,導線架 / QFN 封裝 / 車用電子,面額 1 元、預成型導線架規格、車用封裝市佔率
6556,勝品,,,安控設備 / 專業攝影機 / OEM,監控系統研發、網路攝影機 (IP Cam) 代工、生產效率
6560,欣普羅,,,影音處理 / 影像模組 / 專業設計,影像訊號處理 (ISP)、執法記錄器、醫療內視鏡影像
6561,是方,台灣最大電訊中立數據中心 (IDC) 龍頭,LY2 AI 數據中心、雲端交換平台 (TPIX)、低延遲跨境電信雲。,雲端運算 / IDC 機房 / 網路交換,LY2 智慧機房稼動率、AI 算力交換、中華電信集團
6568,宏觀,,,IC 設計 / 射頻 (RF) / 衛星與寬頻,LNB 降頻器規格、光纖通訊 IC、物聯網傳輸技術
6569,醫揚,,,工業電腦 (IPC) / 醫療電腦 / 研揚,醫療規格等級認證、手術室影像系統、AI 診斷主機
6570,維田,,,工業電腦 (IPC) / 防爆電腦 / 工控,不鏽鋼強固型電腦、能源與交通規格、防爆等級 (Ex)
6574,霈方,,,美容保養 / 專櫃品牌 / 護膚,品牌研發力 (EDN/ENVIRON)、專櫃櫃位坪效、美容服務
6576,逸達,,,新藥開發 / 長效注射平台 / 攝護腺,CAMCEVI 銷售授權金、MMP-12 研發進度、穩定劑型
6577,勁豐,,,工業顯示 / 嵌入式方案 / 醫療設備,跑步機儀表顯示、醫療觸控介面、機構整合能力
6578,達邦蛋白,,,生物科技 / 植物蛋白 / 水產飼料,乳酸菌發酵技術、替代性魚粉規格、產能良率
6584,南俊國際,全球伺服器導軌領導廠 / 台灣前二,AI 伺服器高 U 數導軌、Nvidia GB200 供應鏈、高負載滑軌。,精密鋼珠導軌 / 伺服器 / 辦公家具,AI 伺服器 1U/2U 導軌規格、美國大廠供應鏈
6588,東典光電,,,光學鍍膜 / 光通訊濾光片 / 5G,薄膜濾光片技術、WDM 波分複用規格、5G 基站應用
6590,普鴻,,,資訊軟體 / 金融支付 / 加密技術,核心銀行轉帳系統、HSM 硬體加密規格、金融安控
6593,台灣銘板,,,金屬卡片 / 資訊安全 / 區塊鏈錢包,冷錢包卡片、金融卡與信用卡製發、金屬卡製程
6596,寬宏藝術,,,文化創意 / 演唱會 / 展覽經紀,主辦演藝活動規模、售票系統流量、周邊商品收益
6597,立誠,,,精密機械 / 被動元件設備 / 電感,全自動繞線機技術、電感成型設備、微米級加工
6603,富強鑫,,,塑膠機械 / 射出成型機 / 車用,多組分射出機規格、新能源車燈殼加工、智能製造
6609,瀧澤科,,,工具機 / CNC 車床 / 日本瀧澤,車銑複合機技術、半導體晶圓研磨機、產線自動化
6612,奈米醫材,,,醫療器材 / 人工水晶體 / 塗層技術,水晶體植入系統、表面潤滑塗層規格、眼科手術耗材
6613,朋億*,亞洲半導體高純度化學品供應系統龍頭,先進製程自動化供應系統、綠色製程化學品回收、第三類半導體設備。,廠務系統 / 特用化學供應 / 濕製程,面額 5 元、半導體化學品供應系統、ESG 廢液回收
6615,慧智,,,生技醫療 / 基因檢測 / 生殖醫學,NIPT 篩檢規格、癌症基因監控、與醫院體系合資
6616,特昇-KY,,,木製家具 / 美式家具 / 外銷北美,馬來西亞產能、美式餐桌椅規格、原材料木材價格
6617,共信-KY,,,新藥開發 / 腫瘤消融 / PTS,肺癌新藥證、寵物癌症用藥、局部注射消融技術
6620,漢達,,,新藥開發 / 505(b)(2) / 緩釋劑型,HND-020 (多發性硬化症)、胃食道逆流藥銷售
6624,萬年清,,,環境工程 / 水處理設備 / 工業廢水,厭氧生物處理技術、高級氧化法、海外建廠水工程
6629,泰金-KY,,,居家修繕 / 鋅鋁合金 / 櫥櫃拉手,表面處理技術規格、美國家居通路、自動化壓鑄
6637,醫影,,,醫療租賃 / 影像診斷設備 / 維保,高端影像設備租賃 (MRI/CT)、醫院連鎖管理服務
6640,均華,台灣 AI 先進封裝 (CoWoS) 取放設備龍頭,晶片挑揀機 (Chip Sorter)、高精度黏晶機 (Bonder)、先進封裝產能核心。,半導體設備 / 晶粒挑揀 / 先進封裝,晶粒挑揀機 (Sorter) 規格、CoWoS/PLP 相關設備
6642,富致,,,被動元件 / PPTC 自復式保險絲,車用與通訊過電流保護、車用 12V/48V 規格、產能
6643,M31,全球精品級高速介面矽智財 (IP) 龍頭,PCIe 5.0/6.0 IP、USB 4.0 技術、12nm 以下先進製程 IP 授權。,矽智財 (IP) / 基礎與高速介面 / 2nm,USB 4 / PCIe 6.0 IP 規格、先進製程權利金收入
6649,台生材,,,醫療器材 / 腦外科消耗品 / 泡沫人工腦膜,腦膜修復技術規格、退化性關節炎醫材、國際認證
6651,全宇昕,,,IC 設計 / 功率半導體 / MOSFET,高壓 Trench MOSFET、DC/DC 轉換規格、網通應用
6654,天正國際,,,半導體設備 / 被動元件測包 / 分選,LTCC 測試分選技術、IC 測試包裝規格、產能良率
6661,威健生技,,,生技醫療 / 基因定序 / 檢測服務,高通量定序技術 (NGS)、癌症篩檢規格、大數據分析
6662,樂斯科,,,生技醫療 / 實驗動物 / 臨床研究,SPF 等級實驗鼠供應、CRO 服務、國際認證動物房
6664,群翊,全球 PCB 與玻璃基板烘烤設備龍頭,AI 伺服器玻璃基板 (TGV) 設備、先進封裝壓膜/塗佈、真空烘烤。,半導體設備 / 烘烤與塗佈 / 載板,ABF 載板塗佈規格、玻璃基板 (TGV) 設備、先進封裝
6667,信紘科,台灣半導體廠務與綠色製程龍頭,先進製程化學品供應、廢液處理與回收、CoWoS 廠務工程。,廠務系統 / 綠色製程 / 廢液處理,高科技廠務化學供應系統、廢液回收再生、台積電鏈
6679,鈺太,,,IC 設計 / MEMS 麥克風 / 聯發科,AI 筆電數位麥克風規格、SNR (信噪比) 技術領先
6680,鑫創電子,,,工業電腦 / 車載電腦 / 友達集團,強固型車載系統規格、邊緣運算 AI 盒、智慧交通應用
6683,雍智科技,台灣半導體測試介面 (IC 板) 龍頭級,AI 晶片測試板 (Load Board)、老化測試板、探針卡載板技術。,測試介面 / 測試載板 / 探針卡,AI 晶片測試老化板 (Burn-in)、IC 測試介面設計
6684,安格,,,IC 設計 / 影像轉換 / 高速介面,USB-C 影像轉換規格、神盾聯盟體系、顯示輸出控制
6690,安碁資訊,台灣資安維運監控 (SOC) 龍頭,AI 賦能資安、企業數位韌性監控、資安漏洞分析與檢測。,資訊安全 / SOC 監控 / 宏碁集團,資安威脅預警平台、政府與金融資安託管、應變服務
6692,進能服,,,能源工程 / 太陽能 EPC / 儲能,案場建置容量、維運管理系統 (O&M)、節能改善方案
6693,廣閎科,,,IC 設計 / 風扇驅動 / 集成電源,無刷直流 (BLDC) 控制規格、伺服器散熱驅動 IC
6697,東捷資訊,,,資訊軟體 / ERP 整合 / 東元集團,SAP 系統維運、智慧工廠解決方案、數位轉型顧問
6703,軒郁,,,生技醫藥 / 美容保養 / 品牌經營,SEXYLOOK/未來美品牌力、藥妝通路坪效、電商營收
6708,天擎,,,IC 設計 / 長距離無線傳輸 / 雲端,私有協定無線技術、營建工地管理系統、智慧工廠
6712,長聖,台灣細胞治療與免疫療法領先者,CAR-T 細胞治療、幹細胞研發、細胞委託製造 (CDMO) 排位第一。,生技醫療 / 細胞治療 / 異體細胞,CAR-T 臨床進度、免疫細胞特許療法、CDMO 產能
6716,應廣,,,IC 設計 / 微控制器 (MCU) / 風扇,伺服器散熱風扇 MCU、消費性控制規格、I/O 擴充
6720,久昌,,,IC 設計 / 霍爾感測器 / 電源,車用霍爾感測技術規格、直流風扇驅動、快充管理
6721,信實,,,物業管理 / 特殊清潔 / 機場保全,桃園機場清消服務、軌道交通物業、長效合約佔比
6725,矽科宏晟,,,廠務系統 / 特用化學供應 / 日廠合作,先進製程化學品供應系統、高純度藥液傳輸、海外擴廠
6727,亞泰金屬,,,精密設備 / 塗佈與含浸 / 銅箔基板,CCL 高頻基材塗佈機、IC 載板設備、軟板製程設備
6728,上洋,,,生活消費 / 商用洗衣 / 家電代理,三菱重工空調代理、商用自助洗衣連鎖、維修服務網
6730,常廣,,,醫療器材 / 微創手術 / 腹腔鏡耗材,拉線器與手術鉗規格、自有品牌 Lagis、全球認證
6732,昇佳電子,全球高階手機感測 IC 領導廠,環境光與距離感測器、超音波感測、穿戴裝置微型感測。,IC 設計 / 感測器 / 矽創集團,環境光與趨近感測 (P-Sensor)、陀螺儀、旗艦機市佔
6733,博晟生醫,,,生技醫療 / 骨科修復 / 組織工程,愛膝康 (ReCell) 規格、軟骨修復技術、國際授權進度
6735,美達科技,,,半導體設備 / 測試系統 / 功率半導體,GaN/SiC 測試規格、類比與混合訊號測試、產能利用率
6739,竹陞科技,,,半導體設備 / 遠端監控 / 智慧廠務,半導體機台操控整合 (RPA)、感測器數據分析、節能監控
6741,91APP*-KY,台灣 D2C 與電商 SaaS 雲服務龍頭,品牌全通路零售系統、零售媒體網 (RMN)、電商大數據 AI 分析。,雲端軟體 / D2C 電商 / 零售科技,面額 5 元、品牌 App 滲透率、數據中台 (CDP) 服務
6751,智聯服務,,,資訊服務 / 宏碁集團 / 廠務整合,半導體客戶資訊外包、雲端架構維管、智慧辦公方案
6752,叡揚,,,資訊軟體 / 企業流程管理 / AI 套裝,Vitals ESP 知識管理、公部門與銀行軟體市佔、AI 助理
6761,穩得,,,電子組件 / EMC 與電路保護 / 測試,電磁相容測試規格、防雷擊組件、車載電子保護
6762,達亞,,,醫療器材 / 精密射出 / 微創手術,醫療級射出件規格、高階手術耗材代工、美國廠進度
6763,綠界科技*,台灣第三方支付與電子商務金流龍頭,中小型電商金流整合、電子發票系統、金融科技 (FinTech) 服務。,數位金融 / 第三方支付 / 電商結帳,面額 1 元、中小型電商市佔、線上收款規模 (GMV)
6767,台微醫,,,醫療器材 / 脊椎微創 / 骨水泥,脊椎固定系統規格、微創手術工具、海外市場通路
6785,昱展新藥,,,新藥開發 / 長效注射平台 / 戒毒與止痛,ALA-1000 臨床進度、長效緩釋技術、國際大廠合作
6788,華景電,全球晶圓傳送設備環境控制龍頭級,微污染防治系統 (AMC)、先進製程晶圓倉儲與環境控制、自動化搬運。,半導體設備 / 環境控制 / 微汙染,先進製程 FOUP 充氮規格、晶圓傳輸載具清洗、台積電供應鏈
6791,虎門科技,,,資訊軟體 / 電腦輔助工程 (CAE) / 模擬,Ansys 代理與模擬技術、數位孿生方案、散熱模擬規格
6803,崑鼎,,,環境工程 / 廢棄物處理 / 資源回收,焚化爐營運維護、再生能源售電、ESG 回收解決方案
6804,明係,,,自行車零件 / 成車組裝 / 高階單車,E-Bike 生產規格、專業碳纖維組裝、歐美客戶訂單
6811,宏碁資訊,台灣雲端服務與企業軟體整合龍頭,Azure AI 導入顧問、微軟 Copilot 應用開發、企業數位轉型。,資訊服務 / 雲端部署 / AI 系統整合,Azure AI 服務代理、企業級 Copilot 部署、軟體授權收益
6821,聯寶,,,磁性元件 / 通訊變壓器 / PoE 模組,Wi-Fi 7 交換器變壓器規格、無線充電、產能自動化
6823,濾能,,,半導體設備 / 化學過濾 / 微汙染,AMC (空中分子汙染) 過濾器、ESG 框架與濾網再生
6829,千附精密,全球半導體與航太精密零件領導廠,ASML 關鍵腔體零件、航空發動機零組件、國防精密機構件。,精密加工 / 航太與半導體 / 國防,真空腔體加工規格、起落架組件、國防產業訂單
6840,東研信超,,,檢測驗證 / 5G 與 Wi-Fi 7 / 實驗室,RF 與 EMC 測試規格、筆電與網通發證量、中國市佔
6841,長佳智能,,,數位醫療 / AI 影像診斷 / 醫療數據,FDA 醫材認證數量、腦部與心血管 AI 篩檢、雲端平台
6843,進典,,,工業閥門 / 高溫高壓閥 / 氫能,JDV 品牌規格、半導體與石化潔淨閥門、耐超低溫技術
6844,諾貝兒,,,醫療通路 / 丁丁藥局 / 佳世達集團,連鎖門市坪效、母嬰與醫藥產品佔比、加盟體系整合
6846,綠茵,,,生技醫療 / 研發平台 / 保健食品原料,Antroquinonol (牛樟芝)、特有原料認證、代工產能
6855,數泓科,全球數位手工具龍頭 / 智慧製造排位領先,數位扭力扳手、AIOT 工業 4.0 整合、智慧醫療手術輔助工具。,精密工具 / 數位扭力扳手 / 智慧製造,數位測量精度規格、航太與車用維修工具、藍牙傳輸
6856,鑫傳,,,媒體文化 / 有線電視 / 數位廣告,台南與台中收視戶、電商頻道、數位內容製播服務
6859,伯特光,,,光學模具 / 精密加工 / 手機鏡頭,超微細模具規格、VR/AR 鏡片模組、玻璃模造技術
6865,偉康科技,,,軟體服務 / 數位身分認證 / FIDO,無密碼認證規格、金融科技 (FinTech) 資安、雲端服務
6870,騰雲,,,資訊軟體 / 零售數位轉型 / OMO,智慧百貨導流系統、雲端收款平台、海外市場佈局
6872,浩宇生醫,,,醫療器材 / 聚焦超音波 / 腦部給藥,NaviFUS 系統規格、血腦屏障開啟技術、臨床試驗
6874,倍力,,,資訊軟體 / 財務數位轉型 / ESG 軟體,碳管理系統 (碳盤查)、合併報表系統、代理軟體授權
6875,國邑*,,,新藥開發 / 長效投藥系統 / 肺高壓,面額 5 元、L606 臨床三期進度、藥械合一技術
6877,鏵友益,,,半導體設備 / 自動光學檢測 (AOI),先進封裝檢測規格、晶圓外觀自動化辨識、智能包裝
6881,潤德,,,室內設計 / 建築工程 / 潤泰集團,高階商辦裝修、綠建築設計規格、集團內建案協作
6884,海柏特,,,售後服務 / 3C 維修 / 宏碁集團,跨境維修服務網、品牌維修授權、零件備料管理
6894,衛司特,,,環境工程 / 金屬回收 / 銅回收,電解金屬回收技術、半導體廢液處理、ESG 綠色供應
6895,宏碩系統,全球高功率真空微波管龍頭 / ASML 核心供應商,E-Beam 電子束檢測關鍵元件、軍工微波通訊、高壓高真空模組。,半導體設備 / 高功率真空微波管,軍事防禦與半導體微波源、電子束檢測、國防訂單
6899,創為精密,,,觸控技術 / 工控與醫療 / 投射式,耐高溫高壓觸控規格、抗干擾感測技術、全球市佔率
6903,巨漢,,,機電工程 / 潔淨室整合 / 半導體建廠,高科技廠務系統設計、精密空調規格、在手訂單規模
6904,伯鑫,,,精密工具 / 活動扳手 / 工業 4.0,數位式活動扳手規格、全球手工具 ODM 市佔、產線自動化
6907,雅特力-KY,,,IC 設計 / 微控制器 (MCU) / 高效能,Cortex-M4/M0+ 核心規格、工業控制與車聯網應用
6910,德鴻,,,資訊軟體 / 顧客關係管理 (CRM),智慧客服平台、語音辨識分析、金融保險業市佔
6913,鴻呈,,,線纜組件 / 連接器 / 伺服器,AI 伺服器內部線組規格、雲端資料中心線材、產能產量
6922,宸曜,,,工業電腦 (IPC) / 邊緣運算 / 強固型,AI 邊緣運算平台規格、無人載具控制系統、散熱專利
6925,意藍,,,資訊軟體 / 社群大數據 / 語意分析,Opview 監測平台、AI 語意理解技術、企業數據顧問
6929,佑全,,,醫療通路 / 連鎖藥局 / 佑全/健康人生,店數擴張速度、高齡照護產品佔比、家用品通路整合
6953,家碩,全球光罩設備領先者 / 家登體系核心,EUV 光罩潔淨/交換/儲存設備、先進製程光罩傳載自動化。,半導體設備 / 光罩傳輸與儲存,EUV 光罩環境控制規格、光罩潔淨度管理、台積電鏈
6961,旅天下,,,觀光旅遊 / 旅遊加盟 / 雄獅集團,品牌授權經營、旅遊包機與自由行、加盟門市規模
6967,汎瑋材料,,,電子材料 / 絕緣與導熱 / 精密沖壓,電子產品功能性膠帶、EMI 遮蔽規格、手機與筆電應用
6968,萬達寵物,,,寵物用品 / 寵物美容 / 實體通路,寵物物業、美容服務次數、自有品牌毛利率、會員經濟
6971,惠民實業,,,環境工程 / 水處理營運 / 廢棄物,水資源回收場代操、ESG 工程統包、資源再生技術
6982,大井泵浦,,,精密機械 / 民用與工用泵浦 / 智慧化,靜音與節能水泵規格、智慧雲端監控、全球品牌代理
6996,力領科技,,,IC 設計 / 車用顯示驅動 / 矽創集團,車用 DDI 與 TDDI 規格、智慧座艙顯示介面、車廠認證
6997,博弘,,,雲端服務 / AWS 代理 / 雲端遷移,AWS 核心級合作夥伴、雲端託管服務 (MSP)、技術支援
7402,邑錡,,,影像處理 / 縮時攝影 / 國防監控,軍工級影像感測規格、Brinno 品牌、雲端縮時平台
7547,碩網,,,資訊軟體 / AI 聊天機器人 / 語意,SmartRobot 語意引擎、企業知識庫整合、客服 AI
7556,意德士科技,台灣半導體前段製程氟化橡膠 (O-Ring) 龍頭,先進製程真空腔體密封件、靜電吸盤維修、全氟化精密耗材。,半導體耗材 / 真空吸盤 / 陶瓷零件,全氟化橡膠 (FFKM) 規格、晶圓靜電吸盤 (ESC) 維修
7584,樂意,,,遊戲開發 / 經典 IP 營運 / 平台,《失落的方舟》等 IP 收益、HappyTuk 平台會員、海外授權
7642,昶瑞機電,,,精密機械 / 直流馬達 / 無人機驅動,高空載重無人機馬達規格、DC 吊扇控制、低碳製程
7703,銳澤,,,廠務系統 / 特氣供輸 / 朋億集團,半導體高純度氣體設備、二次配管工程、海外擴廠合約
7704,明遠精密,,,半導體設備 / 射頻電源 / 維修再生,RF Generator 規格、臭氧產生器、設備零件國產化
7708,全家餐飲,,,連鎖餐飲 / 日式料理 / 全家集團,大戶屋/bb.q CHICKEN 展店數、集團會員點數綜效
7709,榮田,,,工具機 / 立式車床 / 航太與風電,大型航太級車床規格、綠能風機零組件加工、外銷訂單
7712,博盛半導體,,,IC 設計 / 功率半導體 / MOSFET,SGT MOSFET 技術規格、車用與伺服器電源、神盾鏈
7713,威力德生醫,,,生技醫療 / 體外診斷 (IVD) / 設備,實驗室自動化系統、檢測試劑開發、醫院通路覆蓋率
7714,創泓科技,,,資訊服務 / 資安代理 / 數據防護,Zero Trust (零信任) 方案、資安軟體授權、維護合約
7715,裕山,,,環境工程 / 土壤整治 / 地下水處理,石油污染整治技術、公共工程標案、ESG 資源再生
7716,昱臺國際,,,倉儲物流 / 跨境貨運 / 化學品,危險品物流規格、中越跨境運輸網、物流雲端系統
7717,萊德光電-KY,,,LED 顯示 / 特殊封裝 / 錸德集團,透明顯示面板、感測封裝技術、車載顯示應用
7718,友鋮,,,精密機械 / 螺絲扣件 / 車用,高強度車用緊固件、自動化光學篩選、國際車廠認證
7723,築間,,,連鎖餐飲 / 火鍋與燒肉 / 加盟,品牌矩?擴張、採購規模經濟、海外 (香港/日本) 店額
7728,光焱科技,,,檢測設備 / 光感測量 / 晶圓級檢測,CIS 影像感測測試規格、太陽能光譜分析、AI 視覺檢測
7734,印能科技,全球先進封裝消除氣泡設備龍頭 (千金股),CoWoS/FOPLP 壓力除泡系統、高階封裝助焊劑清洗、AI 晶片良率提升。,先進封裝設備 / 除泡系統 / 加壓固化,CoWoS/FOPLP 除泡規格、高壓除泡爐市佔、熱穩定技術
7738,東聯互動,,,數位金融 / 外籍移工匯兌 / FinTech,移工小額匯兌特許、跨境支付 App、數位金融生態系
7743,金利食安,,,食品加工 / 高壓滅菌 (HPP) / 蔬果汁,HPP 低溫冷壓技術、自有品牌 (Natural Benefits)、代工
7744,崴寶,,,精密機構 / 散熱外殼 / 通訊組件,基地台濾波器殼體、壓鑄與精密沖壓、電動車機構件
7747,昕奇雲端,,,雲端服務 / 多雲管理 / 新創賦能,GCP/AWS/Azure 整合、雲端成本優化 (FinOps)、海外營收
7751,竑騰,,,半導體設備 / 固化與封裝 / 精密模具,先進封裝加壓固化技術、晶圓級模組、台積電相關設備
7753,星亞,,,LED 顯示 / 數位看板 / 台亞集團,戶外高亮度小間距規格、智慧城市看板、光學感測整合
7757,金色三麥,,,連鎖餐飲 / 精釀啤酒 / 餐酒館,釀酒產能、連鎖店營收效率、零售通路啤酒銷售
7767,仁大資訊,,,資訊服務 / 金融終端 / 維護維運,銀行分行 IT 託管、硬體租賃服務、數位轉型顧問
7770,君曜,,,IC 設計 / 高速傳輸介面 / 觸控 IC,DisplayPort/HDMI 高速傳輸規格、高感度觸控整合、AI 筆電
7777,能率亞洲,,,創業投資 / 能率集團 / 科技投資,投資組合獲利能力 (IPO 案量)、AI 與航太產業佈局
7782,光速火箭,,,電商平台 / 數位行銷 / 品牌管理,SHARECO/KP 女王香氛品牌力、網路廣告轉化率、電商 GMV
7792,安葆,,,機電工程 / 電力系統 EPC / 備用電源,不斷電系統 (UPS) 規格、氫燃料電池、在手訂單能見度
7805,威聯通,,,數據儲存 / NAS 解決方案 / 數位雲端,QNAP 品牌力、混合雲儲存技術、AI 影像監控存儲
7810,捷創科技,,,半導體設備 / 測試維修 / 儀器代理,半導體測試機台維護、代理 Advantest/Teradyne 組件
8024,佑華,,,IC 設計 / 語音控制 / 錄音 IC,消費性微控制器 (MCU) 規格、語音壓縮演算法、玩具市場
8027,鈦昇,全球半導體雷射加工設備領先者,玻璃基板 (TGV) 雷射鑽孔、先進封裝雷射切割、電磁波屏蔽技術。,半導體設備 / 雷射加工 / 玻璃基板,雷射改質 (Laser Ablation) 技術、FOPLP 玻璃基板規格
8032,光菱,,,電子通路 / 類比組件 / 半導體代理,代理品牌線 (瑞薩/東芝等) 廣度、庫存管理、下游終端需求
8034,榮群,,,網通設備 / 多工作業系統 / 交換器,電信等級接入網設備、光纖傳輸規格、國內外電信標案
8038,長園科,,,電池材料 / 鋰鐵電池 / 儲能系統,鋰鐵正極材料規格、AI 伺服器 BBU 應用、專利授權金
8040,九暘,,,IC 設計 / 乙太網路 / 聯發科體系,工業級乙太網路實體層 (PHY)、PoE 傳輸、達發策略整合
8042,金山電,,,電解電容 / 固態電容 / 鋁質電容,高壓高溫固態電容規格、車載與伺服器應用、原材料價
8043,蜜望實,,,電子通路 / 太陽誘電代理 / 被動元件,MLCC 高階代理規格、車用與 5G 元件分配量、村田競爭
8044,網家,台灣 B2C 電商龍頭之一 (PChome),跨境電商整合、物流自動化 A7 倉、金融科技支付生態系。,電子商務 / PChome / 統一集團,與統一集團整合綜效、倉儲物流效率、訂閱制會員數
8047,星雲,,,精密機械 / CNC 控制器 / 切割機,自行研發 CNC 控制軟體、雷射切割精度、工業自動化
8048,德勝,,,網通設備 / 光纖交換器 / 工規,光纖轉電網交換規格、加固型網通硬體、歐洲與北美標案
8049,晶采,,,液晶模組 / TFT-LCD / 工控顯示,中小型模組客製化、強光下可視技術規格、醫療與加油站
8050,廣積,全球工控與網安硬體領導廠,AI 邊緣運算平台、戶外高階數位看板、多網口網絡安全主機。,工業電腦 (IPC) / 網通安全 / 戶外看板,AI 硬體加速擴充規格、網安設備代工、智慧零售主機
8054,安國,全球神盾集團 IC 設計與 IP 授權核心,ASIC 客製化晶片、高速傳輸 IP、轉型與神盾協作之 AI 晶片開發。,IC 設計 / 先進製程 ASIC / 神盾集團,CoWoS 封裝 IP 規格、3nm/5nm 客製化晶片、併購效應
8059,凱碩,,,網通設備 / 纜線數據機 / 金寶集團,DOCSIS 4.0 傳輸規格、Wi-Fi 7 整合、有線電視運營商
8064,東捷,,,半導體設備 / 玻璃雷射 / 先進封裝,TGV (玻璃穿孔) 檢測技術、Micro LED 巨量轉移設備
8066,來思達,,,連鎖家具 / 品牌行銷 / 全球採購,輕資產營運模式、全球家具貿易額、美元匯率變動
8067,志旭,,,電子通路 / 轉型與資產 / 週邊,代理產品線調整、資產活化收益、投資收益佔比
8068,全達,,,電子通路 / 大宇資體系 / 儲能設備,移動式充電樁 (E-HERO)、半導體代理、大宇資集團綜效
8069,元太,全球電子紙 (E-paper) 絕對龍頭,四色/全彩電子紙技術、電子貨架標籤 (ESL)、低碳智慧顯示應用。,電子紙 / 彩色電子書 / ESL,Kaleido 3 / Spectra 6 規格、彩色良率、全球零售龍頭
8071,能率網通,,,網通代理 / 捷邦與應華 / 集團轉型,網通元件代理、金屬加工整合、能率集團資源分配
8074,鉅橡,,,PCB 耗材 / 墊板與頂板 / 絕緣材料,高頻板鑽孔墊板規格、美耐板建材營收、原材料酚醛
8076,伍豐,,,工業電腦 (IPC) / 博弈機台 / 智慧零售,全球博弈機代工佔比、POS 系統更新週期、海外子公司收益
8077,洛碁,,,觀光旅遊 / 飯店經營 / 台北連鎖,住房率 (OCC) 與平均房價 (ADR)、日韓旅客佔比
8080,泰霖,,,電子通路 / 類比 IC / 電源管理,代理產品線庫存水位、下游消費性電子回溫速度
8083,瑞穎,,,精密機械 / 軸承 / 自動化物流,倉儲物流專用軸承規格、美國市場需求、鋼材成本
8084,巨虹,,,電子通路 / 存儲與光學 / 轉型,記憶體代理合約、光學組件貿易、轉投資收益
8085,福華,,,電子組件 / 碳權開發 / 顯示器,東南亞碳權認證進度、背光模組規格、大同集團體系
8086,宏捷科,全球砷化鎵 (GaAs) 晶圓代工領先者,Wi-Fi 7 功率放大器 (PA)、低軌衛星通訊晶片、VCSEL 感測。,化合物半導體 / PA 磊晶 / 6 吋廠,Wi-Fi 7 與手機 PA 產能稼動率、中國手機客戶滲透率
8087,麗升能源,,,綠能環保 / EPC 工程 / 漁電共生,(原名名軒/雷笛克轉型)、37 億大型案場認列進度
8088,品安,,,記憶體模組 / 代工服務 / 金士頓鏈,DRAM 與 NAND 報價、代工稼動率、工控模組佔比
8089,康全電訊,,,網通設備 / 光纖接入 / 中繼轉接,DPU (Data Processing Unit) 規格、北美標案進度
8091,翔名,亞洲半導體離子植入機耗材龍頭,離子植入機鎢/鉬零件、先進製程設備維修服務、應用材料核心夥伴。,半導體設備 / 離子佈植耗材 / 關鍵件,離子佈植機石墨/鎢鉬零件、先進製程耗材市佔
8092,建暐,,,精密機械 / 治具與模具 / IC 封裝,半導體封裝模具精度、精密齒輪加工、航太組件
8093,保銳,,,電腦週邊 / 電源供應器 / 散熱風扇,Enermax 品牌力、ATX 3.1 規格、水冷散熱模組
8096,擎亞,亞洲三星 (Samsung) 零件代理龍頭,CIS 影像感測器代理、記憶體 (DRAM/NAND) 解決方案、AI 手機組件。,電子通路 / 三星代理 / 影像感測器,Samsung CIS 與記憶體配額、手機市場景氣
8097,常珵,,,網通設備 / 光纖網關 / 4G-LTE,拉美與印度電信標案、光傳輸設備規格、產能分配
8099,大世科,,,系統整合 / 雲端機房 / 大同集團,企業私有雲部署、資安維護合約、AI 算力租賃服務
8102,傑霖科技,,,IC 設計 / 影像 SoC / 國防雷達,2025/12 新掛牌、RF SoC 規格、軍工影像處理
8107,大億金茂,,,汽車零件 / 外觀件 / 減振器,車燈外殼與噴漆技術、車載空調模組、全球車廠供貨
8109,博大,全球高階工業/鐵道用電源供應器領導廠,高可靠度 DC/DC 轉換器、醫療與綠能電網專用電源、抗震高壓規格。,電源供應器 / 工業與醫療 / 軌道,DC/DC 轉換器規格、軍規電力系統、長效認證壁壘
8111,立碁,,,LED 封裝 / 光耦合器 / 系統模組,車用與工控光耦規格、感測模組、LED 封裝產能
8121,越峰,,,電子材料 / 磁芯 / 碳化矽粉末,SiC 高純度粉末認證進度、AI 伺服器磁芯規格
8147,正淩,全球高速連接器與散熱模組領導廠,CPO 矽光子連接器、AI 伺服器高速 I/O、醫療內視鏡連接技術。,連接器 / 高速傳輸 / 水冷模組,CPO (共封裝光學) 研發、AI 伺服器散熱控制器
8155,博智,台灣高階 AI 伺服器/交換器硬板領先者,16 層以上高階 Server 板、Eagle Stream/Genoa 平台規格、高頻低損耗 PCB。,PCB 製造 / 高層數板 / 伺服器,20 層以上厚銅板規格、AI 伺服器基板佔比
8171,天宇,,,電池模組 / 儲能系統 / 電單車,儲能貨櫃建置、自動化電池組裝、與普威合作進度
8176,智捷,,,網通設備 / 無線 AP / 智慧城市,工規 Wi-Fi 7 規格、白牌電信設備、室外長距離傳輸
8182,加高,,,石英元件 / 震盪器 / 大真空體系,高頻低抖動規格、車載電子認證、5G 終端應用
8183,精星,,,電子代工 (EMS) / 車用電池管理 (BMS),新能源車 BMS PCBA 規格、華陽集團鏈、工控主板
8227,巨有科技,台灣先進封裝與 ASIC 設計服務領導廠,TSMC 代工體系、12nm/7nm 先進製程設計、CoWoS/Chiplet 封裝服務。,ASIC 設計服務 / SoC 設計 / 台積電鏈,7nm / 12nm 先進製程投片量、光通訊與 AI 晶片開發
8234,新漢,,,工業電腦 (IPC) / 機器人控制 / 物聯網,EtherCAT 運動控制規格、智慧工廠整合、車載系統
8240,華宏,,,光電材料 / 擴散片與反射片 / 導熱材,量子點 (QD) 膜規格、偏光片加工、車載顯示材料
8255,朋程,全球汽車發電機二極體龍頭 (市佔過半),SiC (碳化矽) 高壓功率模組、電動車超快充整流器、48V 輕油電系統。,功率半導體 / 二極體 / 碳化矽 (SiC),超高效二極體 (U-LLD) 市佔、SiC 模組量產時程
8272,全景軟體,,,資訊安全 / 數位認證 / 緯創集團,FIDO2 認證技術規格、金融科技安控、IoT 設備驗證
8277,商丞,,,記憶體模組 / 雲端儲存 / 工作站,伺服器記憶體規格、客製化存儲系統、DRAM 報價
8279,生展,,,生技醫藥 / 益生菌 / 藥物發酵,醱酵技術規格、保健食品代工 (CDMO)、國際連鎖通路
8284,三竹,台灣行動證券下單系統平台龍頭,金融雲端資訊服務、大數據精準行銷推播、企業簡訊整合平台。,資訊服務 / 簡訊發送 / 股市報價,企業簡訊發送量、APP 廣告收益、行動金融平台
8289,泰藝,,,石英元件 / 恆溫晶體震盪器 (OCXO),5G 基站同步規格、低抖動震盪器、低軌衛星應用
8291,尚茂,,,電子材料 / 銅箔基板 (CCL) / 轉型,(原 CCL 轉型)、資產開發收益、新業務開發進度
8299,群聯,全球獨立 NAND Flash 控制晶片龍頭,PCIe Gen5/Gen6 技術、aiDAPTIV+ 運算方案、高階車用/企業級 SSD。,IC 設計 / NAND 控制器 / 邊緣 AI,PCIe Gen 5 / 6 控制規格、aiDAPTIV+ 平台推廣
8342,益張,,,精密機械 / 商用展示架 / 醫療推車,不鏽鋼層架規格、智慧自動倉儲組件、海外零售需求
8349,恒耀國際,,,精密扣件 / 車用螺栓 / 鋁鎂合金,特斯拉 (Tesla) 供應鏈規格、冷鍛技術、車用減輕化
8354,冠好,,,膠帶與貼紙 / 感熱紙 / 標籤材料,醫療與物流標籤規格、離型紙塗佈、原材料化學品價
8358,金居,全球高階低損耗銅箔領導廠,RG 系列極低損耗銅箔、AI 伺服器專用 HVLP 規格、高速傳輸材料。,銅箔製造 / 高頻高速 / 軟板銅箔,RG (超低損耗) 銅箔規格、AI 伺服器 CCL 用料
8383,千附,,,機電工程 / 水處理 / 廠務工程,廢水回收系統、半導體廠務承包、公共工程進度
8390,金益鼎,,,環境工程 / 電子廢料回收 / 貴金屬,金銀銅回收純度規格、太陽能板回收、LME 金價
8401,白紗科,,,印刷服務 / 包裝設計 / 標籤,商業印刷產量、特殊包裝規格、數位印刷轉型效率
8403,盛弘,,,醫療服務 / 敏盛醫院 / 醫藥通路,數位醫療平台 (躍獅)、健檢與養老佈局、醫材採購
8409,商之器,,,醫療軟體 / 影像傳輸 (PACS) / 行動醫療,AI 影像輔助診斷規格、雲端醫療影像、醫院市佔
8410,森田,,,熱轉印膜 / 膜內裝飾 (IMR) / 筆電,筆電與家電外觀技術、環保油墨規格、NB 換機潮
8415,大國鋼,全球最大不鏽鋼扣件通路商,螺絲螺帽全球數位通路、工業扣件現貨供應排位、全球庫存管理系統。,鋼鐵通路 / 螺絲螺帽 / 美國通路,美國扣件市佔率、鋁與不鏽鋼報價、網路銷售平台
8416,實威,,,資訊軟體 / SOLIDWORKS / 3D 列印,3D 設計軟體授權、數位孿生方案、顧問諮詢收益
8421,旭源,,,包裝材料 / 標籤印刷 / 縮套膜機,飲料與食品包裝規格、收縮膜生產線、海外建廠進度
8423,保綠-KY,,,環境工程 / 橡膠回收 / 再生料,廢輪胎回收加工、再生膠規格、碳權與環保認證
8424,惠普,,,建材供應 / 矽酸鈣板 / 國產集團,防火建材規格、裝飾板需求、營建市場景氣
8426,紅木-KY,,,精品裝潢 / 店鋪陳列 / 系統家具,國際一線品牌精品店裝規格、馬來西亞產能、海外差旅復甦
8431,匯鑽科,,,表面處理 / 珍珠鎳與硬鉻 / 硬碟,伺服器硬碟零組件電鍍規格、車用與 Type-C 連接器鍍膜
8432,東生華,,,生技醫藥 / 心血管與腸胃 / 類生醫,505(b)(2) 新藥路徑、利基型學名藥、國際合作開發
8433,弘帆,,,髮飾週邊 / 流行飾品 / 通路代理,全球零售商 (Walmart/Target) 訂單、供應鏈整合效率
8435,鉅邁,,,環境工程 / 工業水處理 / 藥劑,半導體廠冷卻水處理規格、循環水回收、ESG 水標籤
8436,大江,全球機能性食品與保養品 ODM 龍頭,生物整合設計 (IBD)、高機能性膠原蛋白、自動化高產能液態瓶裝規格。,生技開發 / 保健食品 / VGP 平台,AI 自動化研發實驗室、面膜與液態機能飲產能、全球銷售
8437,大地-KY,,,幼教事業 / 幼兒園管理 / 中國市場,幼教諮詢服務、學生入園人數、中國學前教育政策
8440,綠電,,,環境工程 / 廢家電回收 / 資源再生,貴金屬回收純度規格、大型破碎分選技術、回收補貼金
8444,綠河-KY,,,建材供應 / 塑合板 / 泰國產能,橡膠木廢料利用、板材等級 (E0/E1) 規格、泰國新廠稼動
8446,華研,台灣流行音樂文創與 IP 授權龍頭,音樂數位版權經營、藝人經紀 IP 價值化、跨境影視內容合作。,文化創意 / 演藝經紀 / 版權授權,音樂串流版權收益、線下演唱會規模、IP 數位化資產
8450,霹靂,,,文化創意 / 數位內容 / 影視 IP,布袋戲影視化規格、跨界聯名 IP、海外串流平台授權
8455,大拓-KY,,,電子通路 / 機器人組件 / 日本市場,代理日本電子零件、工業自動化模組、日圓匯率走勢
8472,夠麻吉,,,電子商務 / 團購與旅遊 / 線上票券,O2O 轉換率、餐飲與休閒票券規模、數位行銷轉換
8477,創業家,,,電子商務 / 生活市集 / 網家集團,與 PChome 體系整合、AI 精準推薦系統、電商毛利率
8489,三貝德,,,文教事業 / 數位學習 / 補習教育,線上課程平台用戶數、實體補習班整併、升學教材規格
8905,裕國,,,食品通路 / 冷凍倉儲 / 營建開發,低溫倉儲周轉率、冷凍肉品進口量、台中建案認列
8906,花王,,,印刷服務 / 標籤與包裝 / 數位轉型,特殊包裝設計規格、自動化印刷產線、包材原材料價
8908,欣雄,,,天然氣 / 高雄地區 / 能源供應,工商用氣戶數、天然氣調價機制、區域推案供氣規模
8916,光隆,,,紡織成衣 / 羽絨加工 / 戶外機能,成衣營收佔比 (目標 >60%)、羽絨報價、越南廠產能
8917,欣泰,,,天然氣 / 新北與桃園 / 能源供應,民生與工商業用氣、導管鋪設進度、售氣量穩定度
8921,沈氏,,,印刷服務 / 商業印刷 / 標籤,雜誌與型錄印量、數位印刷設備投入、產能利用率
8923,時報,,,文化出版 / 圖書發行 / 數位閱讀,圖書出版量、數位內容授權、通路庫存管理
8924,大田,,,精密機械 / 高爾夫球頭 / 複合材料,碳纖維球頭開發技術、美系大廠訂單週期、越南廠擴產
8927,北基,,,油品通路 / 綠能電力 / 三地集團,特爾電力 (EV 快充) 站點數、加油站發油量、光電開發
8928,鉅明,,,精密機械 / 高爾夫球頭 / 鑄造,鈦合金球頭規格、主要客戶 (TaylorMade) 銷售、稼動率
8929,富堡,,,生活消費 / 紙尿褲 / 護理產品,成人與成人照護規格、東南亞通路拓展、原材料漿價
8930,青鋼,,,建材供應 / 天花板金屬架 / 隔音,吸音金屬板規格、公共工程與商辦建材、鋼價變動
8931,大汽電,,,汽電能源 / 廢棄物燃料化 / SRF,SRF (固體再生燃料) 鍋爐規格、蒸汽與電力銷售、碳權收益
8932,智通*,,,數位金融 / 面額調整 / 跨境支付,2026/03 面額由 5 元降為 2.5 元、海外數位金融平台、神盾鏈
8933,愛地雅,,,自行車製造 / E-Bike 代工 / 歐洲市場,電動自行車 (E-Bike) 組裝規格、波蘭與中國廠產能、零件庫存
8935,邦泰,,,工程塑膠 / 複合材料 / 汽車組件,碳纖維複合材料規格、汽車水箱、環保材料吸管及餐具
8936,國統,台灣水利工程與大口徑輸水管材龍頭,海水淡化工程技術、智慧水網監測系統、大型水資源開發專案。,水利工程 / 海水淡化 / 大口徑管材,在手訂單 > 260 億元、海淡廠統包工程、水利署重大標案
8937,合騏,,,精密機械 / 沙灘車 (ATV) / 電動車,電動三輪車與沙灘車規格、車用模組開發、外銷訂單量
8938,明安,全球高爾夫球桿頭製造領先者 / 碳纖維專家,高強度碳纖維複合材料、鈦合金精密鑄造、高階運動器材 ODM。,精密機械 / 高爾夫球頭 / 明揚合併,合併明揚 (8420) 綜效、碳纖維複合材料、高階比賽球產能
8941,關中,,,生活消費 / 戶外烤肉爐 / 瓦斯換瓶,Barbeques Galore 品牌、瓦斯桶換瓶服務 (Home Gas)、北美需求
8942,森鉅,,,複合板材 / 貨櫃板 / 航太建材,鋼塑複合板技術規格、全球貨櫃車廂市佔、子公司營運調整
9949,琉園,,,文化創意 / 琉璃工藝 / 藝術禮品,精緻琉璃設計與脫蠟鑄造、品牌數位轉型、兩岸文創通路
9950,萬國通,,,生活消費 / 行李箱 / 自有品牌,Eminent 品牌力、全球旅遊復甦需求、自動化生產線
9951,皇田,全球汽車遮陽簾龍頭 / 市佔第二,全景天窗遮陽系統、電動車專用輕量化簾、車用內飾機構件。,汽車零件 / 汽車窗簾 / 遮陽系統,全景天窗遮陽簾規格、全球車窗簾市佔第二、新能源車訂單
9960,邁達康,,,高爾夫通路 / 電商平台 / 實體連鎖,台灣最大高爾夫通路、代理品牌廣度、電子商務營收佔比
9962,有益,,,鋼鐵製造 / 不鏽鋼厚板 / 裁剪加工,不鏽鋼厚板規格、LME 鎳價變動、石化與造船用板需求
